"siteID","file_id","variant","sample_n","q","M","M_prime","qHt","qEt","qDT","qDTM"
"ABBY","ABBY_1","Raw",10294,0,0.1243,0.1244,105946248,1,10293.5194,1280.9942
"ABBY","ABBY_1","Raw",10294,1,0.1243,0.1244,73395016.9101,0.8323,8567.5892,1066.3756
"ABBY","ABBY_1","Raw",10294,2,0.1243,0.1244,53301412.8795,0.7093,7301.2817,908.9109
"ABBY","ABBY_1","BrightnessNorm",10294,0,0.2263,0.2263,105946248,1,10293.5194,2329.937
"ABBY","ABBY_1","BrightnessNorm",10294,1,0.2263,0.2263,78779451.9605,0.8623,8876.279,2009.2825
"ABBY","ABBY_1","BrightnessNorm",10294,2,0.2263,0.2263,64383919.5986,0.7795,8024.4591,1816.5559
"ABBY","ABBY_1","VectorNorm",10294,0,0.2263,0.2263,105946248,1,10293.5194,2329.937
"ABBY","ABBY_1","VectorNorm",10294,1,0.2263,0.2263,78779451.9605,0.8623,8876.279,2009.2825
"ABBY","ABBY_1","VectorNorm",10294,2,0.2263,0.2263,64383919.5986,0.7795,8024.4591,1816.5559
"ABBY","ABBY_1","BrightVectorNorm",10294,0,0.2263,0.2263,105946248,1,10293.5194,2329.937
"ABBY","ABBY_1","BrightVectorNorm",10294,1,0.2263,0.2263,78779451.9605,0.8623,8876.279,2009.2825
"ABBY","ABBY_1","BrightVectorNorm",10294,2,0.2263,0.2263,64383919.5986,0.7795,8024.4591,1816.5559
"ABBY","ABBY_2","Raw",10294,0,0.2133,0.2133,105946950,1,10293.5535,2196.7152
"ABBY","ABBY_2","Raw",10294,1,0.2133,0.2133,86239188.6146,0.9022,9287.0057,1982.0088
"ABBY","ABBY_2","Raw",10294,2,0.2133,0.2133,73696849.8103,0.834,8585.187,1832.304
"ABBY","ABBY_2","BrightnessNorm",10294,0,0.1868,0.1868,105946950,1,10293.5535,1923.5187
"ABBY","ABBY_2","BrightnessNorm",10294,1,0.1868,0.1868,77209456.9158,0.8536,8787.3912,1642.214
"ABBY","ABBY_2","BrightnessNorm",10294,2,0.1868,0.1868,61844343.9445,0.764,7864.6175,1469.8683
"ABBY","ABBY_2","VectorNorm",10294,0,0.1868,0.1868,105946950,1,10293.5535,1923.5187
"ABBY","ABBY_2","VectorNorm",10294,1,0.1868,0.1868,77209456.9158,0.8536,8787.3912,1642.214
"ABBY","ABBY_2","VectorNorm",10294,2,0.1868,0.1868,61844343.9445,0.764,7864.6175,1469.8683
"ABBY","ABBY_2","BrightVectorNorm",10294,0,0.1868,0.1868,105946950,1,10293.5535,1923.5187
"ABBY","ABBY_2","BrightVectorNorm",10294,1,0.1868,0.1868,77209456.9158,0.8536,8787.3912,1642.214
"ABBY","ABBY_2","BrightVectorNorm",10294,2,0.1868,0.1868,61844343.9445,0.764,7864.6175,1469.8683
"BART","BART","Raw",5458,0,0.1247,0.1247,29780200,0.9999,5457.6238,681.4681
"BART","BART","Raw",5458,1,0.1247,0.1247,21048917.3613,0.8407,4588.4099,573.0926
"BART","BART","Raw",5458,2,0.1247,0.1247,16037372.5973,0.7338,4005.1689,500.3729
"BART","BART","BrightnessNorm",5458,0,0.1364,0.1364,29780200,0.9999,5457.6238,745.4235
"BART","BART","BrightnessNorm",5458,1,0.1364,0.1364,15843609.7405,0.7294,3980.9032,543.9978
"BART","BART","BrightnessNorm",5458,2,0.1364,0.1364,10337104.868,0.5892,3215.6369,439.615
"BART","BART","VectorNorm",5458,0,0.1364,0.1364,29780200,0.9999,5457.6238,745.4235
"BART","BART","VectorNorm",5458,1,0.1364,0.1364,15843609.7405,0.7294,3980.9032,543.9978
"BART","BART","VectorNorm",5458,2,0.1364,0.1364,10337104.868,0.5892,3215.6369,439.615
"BART","BART","BrightVectorNorm",5458,0,0.1364,0.1364,29780200,0.9999,5457.6238,745.4235
"BART","BART","BrightVectorNorm",5458,1,0.1364,0.1364,15843609.7405,0.7294,3980.9032,543.9978
"BART","BART","BrightVectorNorm",5458,2,0.1364,0.1364,10337104.868,0.5892,3215.6369,439.615
"BLAN","BLAN","Raw",1682,0,0.2323,0.2325,2826252,0.9998,1681.6461,391.7107
"BLAN","BLAN","Raw",1682,1,0.2323,0.2325,2409402.6667,0.9231,1552.7252,361.7574
"BLAN","BLAN","Raw",1682,2,0.2323,0.2325,2123862.5972,0.8667,1457.8479,339.7138
"BLAN","BLAN","BrightnessNorm",1682,0,0.1752,0.1753,2826252,0.9998,1681.6461,295.679
"BLAN","BLAN","BrightnessNorm",1682,1,0.1752,0.1753,2184173.729,0.879,1478.3951,260.0628
"BLAN","BLAN","BrightnessNorm",1682,2,0.1752,0.1753,1767426.9601,0.7907,1329.9462,234.0498
"BLAN","BLAN","VectorNorm",1682,0,0.1752,0.1753,2826252,0.9998,1681.6461,295.679
"BLAN","BLAN","VectorNorm",1682,1,0.1752,0.1753,2184173.729,0.879,1478.3951,260.0628
"BLAN","BLAN","VectorNorm",1682,2,0.1752,0.1753,1767426.9601,0.7907,1329.9462,234.0498
"BLAN","BLAN","BrightVectorNorm",1682,0,0.1752,0.1753,2826252,0.9998,1681.6461,295.679
"BLAN","BLAN","BrightVectorNorm",1682,1,0.1752,0.1753,2184173.729,0.879,1478.3951,260.0628
"BLAN","BLAN","BrightVectorNorm",1682,2,0.1752,0.1753,1767426.9601,0.7907,1329.9462,234.0498
"CLBJ","CLBJ","Raw",12106,0,0.1091,0.1091,146535640,1,12105.6906,1321.1379
"CLBJ","CLBJ","Raw",12106,1,0.1091,0.1091,113571768.2814,0.8803,10657.5056,1163.2118
"CLBJ","CLBJ","Raw",12106,2,0.1091,0.1091,92589301.6464,0.7949,9622.8335,1050.3798
"CLBJ","CLBJ","BrightnessNorm",12106,0,0.1773,0.1773,146535640,1,12105.6906,2146.8102
"CLBJ","CLBJ","BrightnessNorm",12106,1,0.1773,0.1773,115097847.6122,0.8862,10728.8665,1902.7594
"CLBJ","CLBJ","BrightnessNorm",12106,2,0.1773,0.1773,96239006.2277,0.8104,9810.6481,1739.9994
"CLBJ","CLBJ","VectorNorm",12106,0,0.1773,0.1773,146535640,1,12105.6906,2146.8102
"CLBJ","CLBJ","VectorNorm",12106,1,0.1773,0.1773,115097847.6122,0.8862,10728.8665,1902.7594
"CLBJ","CLBJ","VectorNorm",12106,2,0.1773,0.1773,96239006.2277,0.8104,9810.6481,1739.9994
"CLBJ","CLBJ","BrightVectorNorm",12106,0,0.1773,0.1773,146535640,1,12105.6906,2146.8102
"CLBJ","CLBJ","BrightVectorNorm",12106,1,0.1773,0.1773,115097847.6122,0.8862,10728.8665,1902.7594
"CLBJ","CLBJ","BrightVectorNorm",12106,2,0.1773,0.1773,96239006.2277,0.8104,9810.6481,1739.9994
"CPER","CPER","Raw",22421,0,0.1728,0.1728,502660146,1,22420.5835,3876.0463
"CPER","CPER","Raw",22421,1,0.1728,0.1728,409566583.4167,0.9026,20238.2514,3498.8644
"CPER","CPER","Raw",22421,2,0.1728,0.1728,349508353.8947,0.8338,18695.6425,3232.2487
"CPER","CPER","BrightnessNorm",22421,0,0.1537,0.1537,502660146,1,22420.5835,3447.3454
"CPER","CPER","BrightnessNorm",22421,1,0.1537,0.1537,427909980.8354,0.9226,20686.4851,3180.7911
"CPER","CPER","BrightnessNorm",22421,2,0.1537,0.1537,371005521.1947,0.8591,19262.0036,2961.8291
"CPER","CPER","VectorNorm",22421,0,0.1537,0.1537,502660146,1,22420.5835,3447.3454
"CPER","CPER","VectorNorm",22421,1,0.1537,0.1537,427909980.8354,0.9226,20686.4851,3180.7911
"CPER","CPER","VectorNorm",22421,2,0.1537,0.1537,371005521.1947,0.8591,19262.0036,2961.8291
"CPER","CPER","BrightVectorNorm",22421,0,0.1537,0.1537,502660146,1,22420.5835,3447.3454
"CPER","CPER","BrightVectorNorm",22421,1,0.1537,0.1537,427909980.8354,0.9226,20686.4851,3180.7911
"CPER","CPER","BrightVectorNorm",22421,2,0.1537,0.1537,371005521.1947,0.8591,19262.0036,2961.8291
"DCFS","DCFS","Raw",2516,0,0.1991,0.1992,6325748,0.9998,2515.604,501.9642
"DCFS","DCFS","Raw",2516,1,0.1991,0.1992,3867245.9197,0.7818,1967.0315,392.72
"DCFS","DCFS","Raw",2516,2,0.1991,0.1992,2794024.459,0.6646,1672.0336,333.9733
"DCFS","DCFS","BrightnessNorm",2516,0,0.1343,0.1343,6325748,0.9998,2515.604,338.832
"DCFS","DCFS","BrightnessNorm",2516,1,0.1343,0.1343,3460383.8494,0.7396,1860.7108,250.8834
"DCFS","DCFS","BrightnessNorm",2516,2,0.1343,0.1343,2121650.1275,0.5791,1457.0886,196.6791
"DCFS","DCFS","VectorNorm",2516,0,0.1343,0.1343,6325748,0.9998,2515.604,338.832
"DCFS","DCFS","VectorNorm",2516,1,0.1343,0.1343,3460383.8494,0.7396,1860.7108,250.8834
"DCFS","DCFS","VectorNorm",2516,2,0.1343,0.1343,2121650.1275,0.5791,1457.0886,196.6791
"DCFS","DCFS","BrightVectorNorm",2516,0,0.1343,0.1343,6325748,0.9998,2515.604,338.832
"DCFS","DCFS","BrightVectorNorm",2516,1,0.1343,0.1343,3460383.8494,0.7396,1860.7108,250.8834
"DCFS","DCFS","BrightVectorNorm",2516,2,0.1343,0.1343,2121650.1275,0.5791,1457.0886,196.6791
"DELA","DELA","Raw",1092,0,0.1249,0.125,1190686,0.9997,1091.6857,137.3727
"DELA","DELA","Raw",1092,1,0.1249,0.125,702483.8756,0.768,838.6433,105.7628
"DELA","DELA","Raw",1092,2,0.1249,0.125,507229.398,0.6527,712.7006,90.0301
"DELA","DELA","BrightnessNorm",1092,0,0.1517,0.1518,1190686,0.9997,1091.6857,166.5948
"DELA","DELA","BrightnessNorm",1092,1,0.1517,0.1518,586957.7084,0.702,766.6318,117.2883
"DELA","DELA","BrightnessNorm",1092,2,0.1517,0.1518,402776.1172,0.5816,635.1466,97.3436
"DELA","DELA","VectorNorm",1092,0,0.1517,0.1518,1190686,0.9997,1091.6857,166.5948
"DELA","DELA","VectorNorm",1092,1,0.1517,0.1518,586957.7084,0.702,766.6318,117.2883
"DELA","DELA","VectorNorm",1092,2,0.1517,0.1518,402776.1172,0.5816,635.1466,97.3436
"DELA","DELA","BrightVectorNorm",1092,0,0.1517,0.1518,1190686,0.9997,1091.6857,166.5948
"DELA","DELA","BrightVectorNorm",1092,1,0.1517,0.1518,586957.7084,0.702,766.6318,117.2883
"DELA","DELA","BrightVectorNorm",1092,2,0.1517,0.1518,402776.1172,0.5816,635.1466,97.3436
"DSNY","DSNY_1","Raw",14327,0,0.1069,0.1069,205240288,1,14326.7098,1532.4312
"DSNY","DSNY_1","Raw",14327,1,0.1069,0.1069,147649516.2938,0.8482,12151.6117,1299.9275
"DSNY","DSNY_1","Raw",14327,2,0.1069,0.1069,108679132.9846,0.7277,10425.4285,1115.4098
"DSNY","DSNY_1","BrightnessNorm",14327,0,0.1934,0.1934,205240288,1,14326.7098,2771.1617
"DSNY","DSNY_1","BrightnessNorm",14327,1,0.1934,0.1934,161494863.1459,0.887,12708.5629,2458.2825
"DSNY","DSNY_1","BrightnessNorm",14327,2,0.1934,0.1934,133731791.8885,0.8072,11564.7463,2237.1182
"DSNY","DSNY_1","VectorNorm",14327,0,0.1934,0.1934,205240288,1,14326.7098,2771.1617
"DSNY","DSNY_1","VectorNorm",14327,1,0.1934,0.1934,161494863.1459,0.887,12708.5629,2458.2825
"DSNY","DSNY_1","VectorNorm",14327,2,0.1934,0.1934,133731791.8885,0.8072,11564.7463,2237.1182
"DSNY","DSNY_1","BrightVectorNorm",14327,0,0.1934,0.1934,205240288,1,14326.7098,2771.1617
"DSNY","DSNY_1","BrightVectorNorm",14327,1,0.1934,0.1934,161494863.1459,0.887,12708.5629,2458.2825
"DSNY","DSNY_1","BrightVectorNorm",14327,2,0.1934,0.1934,133731791.8885,0.8072,11564.7463,2237.1182
"DSNY","DSNY_2","Raw",14327,0,0.1087,0.1087,205240088,1,14326.7029,1558.4792
"DSNY","DSNY_2","Raw",14327,1,0.1087,0.1087,137535511.475,0.8186,11728.0535,1275.9758
"DSNY","DSNY_2","Raw",14327,2,0.1087,0.1087,96535777.7509,0.6858,9825.7622,1069.1746
"DSNY","DSNY_2","BrightnessNorm",14327,0,0.2323,0.2323,205240088,1,14326.7029,3328.6598
"DSNY","DSNY_2","BrightnessNorm",14327,1,0.2323,0.2323,155441953.6277,0.8703,12468.1363,2896.971
"DSNY","DSNY_2","BrightnessNorm",14327,2,0.2323,0.2323,126397736.4613,0.7848,11243.1748,2612.4495
"DSNY","DSNY_2","VectorNorm",14327,0,0.2323,0.2323,205240088,1,14326.7029,3328.6598
"DSNY","DSNY_2","VectorNorm",14327,1,0.2323,0.2323,155441953.6277,0.8703,12468.1363,2896.971
"DSNY","DSNY_2","VectorNorm",14327,2,0.2323,0.2323,126397736.4613,0.7848,11243.1748,2612.4495
"DSNY","DSNY_2","BrightVectorNorm",14327,0,0.2323,0.2323,205240088,1,14326.7029,3328.6598
"DSNY","DSNY_2","BrightVectorNorm",14327,1,0.2323,0.2323,155441953.6277,0.8703,12468.1363,2896.971
"DSNY","DSNY_2","BrightVectorNorm",14327,2,0.2323,0.2323,126397736.4613,0.7848,11243.1748,2612.4495
"GRSM","GRSM_1","Raw",8132,0,0.178,0.178,66116298,1,8131.6929,1448.3763
"GRSM","GRSM_1","Raw",8132,1,0.178,0.178,52636642.3048,0.8922,7255.6115,1292.4408
"GRSM","GRSM_1","Raw",8132,2,0.178,0.178,43712745.0502,0.8131,6612.0615,1177.8941
"GRSM","GRSM_1","BrightnessNorm",8132,0,0.1788,0.1788,66116298,1,8131.6929,1454.7451
"GRSM","GRSM_1","BrightnessNorm",8132,1,0.1788,0.1788,52528695.4436,0.8913,7248.1683,1296.7928
"GRSM","GRSM_1","BrightnessNorm",8132,2,0.1788,0.1788,44061226.8584,0.8163,6638.3631,1187.7748
"GRSM","GRSM_1","VectorNorm",8132,0,0.1788,0.1788,66116298,1,8131.6929,1454.7451
"GRSM","GRSM_1","VectorNorm",8132,1,0.1788,0.1788,52528695.4436,0.8913,7248.1683,1296.7928
"GRSM","GRSM_1","VectorNorm",8132,2,0.1788,0.1788,44061226.8584,0.8163,6638.3631,1187.7748
"GRSM","GRSM_1","BrightVectorNorm",8132,0,0.1788,0.1788,66116298,1,8131.6929,1454.7451
"GRSM","GRSM_1","BrightVectorNorm",8132,1,0.1788,0.1788,52528695.4436,0.8913,7248.1683,1296.7928
"GRSM","GRSM_1","BrightVectorNorm",8132,2,0.1788,0.1788,44061226.8584,0.8163,6638.3631,1187.7748
"GRSM","GRSM_2","Raw",8132,0,0.1116,0.1117,66115998,1,8131.6745,908.842
"GRSM","GRSM_2","Raw",8132,1,0.1116,0.1117,38437601.6794,0.7625,6200.3066,693.2189
"GRSM","GRSM_2","Raw",8132,2,0.1116,0.1117,26979897.7654,0.6388,5194.7177,580.9523
"GRSM","GRSM_2","BrightnessNorm",8132,0,0.1614,0.1615,66115998,1,8131.6745,1313.758
"GRSM","GRSM_2","BrightnessNorm",8132,1,0.1614,0.1615,34159244.9109,0.7188,5845.0911,944.6175
"GRSM","GRSM_2","BrightnessNorm",8132,2,0.1614,0.1615,23616420.0096,0.5977,4860.1729,785.6147
"GRSM","GRSM_2","VectorNorm",8132,0,0.1614,0.1615,66115998,1,8131.6745,1313.758
"GRSM","GRSM_2","VectorNorm",8132,1,0.1614,0.1615,34159244.9109,0.7188,5845.0911,944.6175
"GRSM","GRSM_2","VectorNorm",8132,2,0.1614,0.1615,23616420.0096,0.5977,4860.1729,785.6147
"GRSM","GRSM_2","BrightVectorNorm",8132,0,0.1614,0.1615,66115998,1,8131.6745,1313.758
"GRSM","GRSM_2","BrightVectorNorm",8132,1,0.1614,0.1615,34159244.9109,0.7188,5845.0911,944.6175
"GRSM","GRSM_2","BrightVectorNorm",8132,2,0.1614,0.1615,23616420.0096,0.5977,4860.1729,785.6147
"GUAN","GUAN_1","Raw",7594,0,0.1348,0.1348,57657536,1,7593.756,1024.4158
"GUAN","GUAN_1","Raw",7594,1,0.1348,0.1348,46986788.1957,0.9027,6855.191,924.8789
"GUAN","GUAN_1","Raw",7594,2,0.1348,0.1348,39797963.4557,0.8308,6309.0627,851.2768
"GUAN","GUAN_1","BrightnessNorm",7594,0,0.1489,0.1489,57657536,1,7593.756,1131.5511
"GUAN","GUAN_1","BrightnessNorm",7594,1,0.1489,0.1489,44960681.1858,0.883,6705.7727,999.349
"GUAN","GUAN_1","BrightnessNorm",7594,2,0.1489,0.1489,37871422.0926,0.8104,6154.4761,917.2725
"GUAN","GUAN_1","VectorNorm",7594,0,0.1489,0.1489,57657536,1,7593.756,1131.5511
"GUAN","GUAN_1","VectorNorm",7594,1,0.1489,0.1489,44960681.1858,0.883,6705.7727,999.349
"GUAN","GUAN_1","VectorNorm",7594,2,0.1489,0.1489,37871422.0926,0.8104,6154.4761,917.2725
"GUAN","GUAN_1","BrightVectorNorm",7594,0,0.1489,0.1489,57657536,1,7593.756,1131.5511
"GUAN","GUAN_1","BrightVectorNorm",7594,1,0.1489,0.1489,44960681.1858,0.883,6705.7727,999.349
"GUAN","GUAN_1","BrightVectorNorm",7594,2,0.1489,0.1489,37871422.0926,0.8104,6154.4761,917.2725
"GUAN","GUAN_2","Raw",7594,0,0.1678,0.1678,57657264,1,7593.7381,1275.4324
"GUAN","GUAN_2","Raw",7594,1,0.1678,0.1678,46914640.355,0.902,6849.9263,1150.6009
"GUAN","GUAN_2","Raw",7594,2,0.1678,0.1678,39890941.2288,0.8318,6316.4276,1061.0656
"GUAN","GUAN_2","BrightnessNorm",7594,0,0.1795,0.1796,57657264,1,7593.7381,1364.3129
"GUAN","GUAN_2","BrightnessNorm",7594,1,0.1795,0.1796,44268862.7196,0.8762,6653.985,1195.5979
"GUAN","GUAN_2","BrightnessNorm",7594,2,0.1795,0.1796,36898739.3743,0.8,6074.9333,1091.64
"GUAN","GUAN_2","VectorNorm",7594,0,0.1795,0.1796,57657264,1,7593.7381,1364.3129
"GUAN","GUAN_2","VectorNorm",7594,1,0.1795,0.1796,44268862.7196,0.8762,6653.985,1195.5979
"GUAN","GUAN_2","VectorNorm",7594,2,0.1795,0.1796,36898739.3743,0.8,6074.9333,1091.64
"GUAN","GUAN_2","BrightVectorNorm",7594,0,0.1795,0.1796,57657264,1,7593.7381,1364.3129
"GUAN","GUAN_2","BrightVectorNorm",7594,1,0.1795,0.1796,44268862.7196,0.8762,6653.985,1195.5979
"GUAN","GUAN_2","BrightVectorNorm",7594,2,0.1795,0.1796,36898739.3743,0.8,6074.9333,1091.64
"HARV","HARV","Raw",12328,0,0.1104,0.1104,151956718,1,12327.5726,1362.0478
"HARV","HARV","Raw",12328,1,0.1104,0.1104,116797910.2892,0.8767,10807.8082,1194.2555
"HARV","HARV","Raw",12328,2,0.1104,0.1104,95939858.5261,0.7946,9795.3894,1082.4776
"HARV","HARV","BrightnessNorm",12328,0,0.073,0.073,151956718,1,12327.5726,900.3052
"HARV","HARV","BrightnessNorm",12328,1,0.073,0.073,123703993.0926,0.9022,11122.7297,812.4111
"HARV","HARV","BrightnessNorm",12328,2,0.073,0.073,96632802.6509,0.7974,9830.6985,718.1565
"HARV","HARV","VectorNorm",12328,0,0.073,0.073,151956718,1,12327.5726,900.3052
"HARV","HARV","VectorNorm",12328,1,0.073,0.073,123703993.0926,0.9022,11122.7297,812.4111
"HARV","HARV","VectorNorm",12328,2,0.073,0.073,96632802.6509,0.7974,9830.6985,718.1565
"HARV","HARV","BrightVectorNorm",12328,0,0.073,0.073,151956718,1,12327.5726,900.3052
"HARV","HARV","BrightVectorNorm",12328,1,0.073,0.073,123703993.0926,0.9022,11122.7297,812.4111
"HARV","HARV","BrightVectorNorm",12328,2,0.073,0.073,96632802.6509,0.7974,9830.6985,718.1565
"JERC","JERC_1","Raw",3906,0,0.1682,0.1682,15250282,0.9999,3905.661,657.7865
"JERC","JERC_1","Raw",3906,1,0.1682,0.1682,11265514.4356,0.8594,3356.914,565.5077
"JERC","JERC_1","Raw",3906,2,0.1682,0.1682,9024710.6393,0.7692,3004.6157,506.2643
"JERC","JERC_1","BrightnessNorm",3906,0,0.2704,0.2705,15250282,0.9999,3905.661,1057.1702
"JERC","JERC_1","BrightnessNorm",3906,1,0.2704,0.2705,12886810.2257,0.9192,3590.3204,971.8956
"JERC","JERC_1","BrightnessNorm",3906,2,0.2704,0.2705,11388970.3335,0.8641,3375.2549,913.7376
"JERC","JERC_1","VectorNorm",3906,0,0.2704,0.2705,15250282,0.9999,3905.661,1057.1702
"JERC","JERC_1","VectorNorm",3906,1,0.2704,0.2705,12886810.2257,0.9192,3590.3204,971.8956
"JERC","JERC_1","VectorNorm",3906,2,0.2704,0.2705,11388970.3335,0.8641,3375.2549,913.7376
"JERC","JERC_1","BrightVectorNorm",3906,0,0.2704,0.2705,15250282,0.9999,3905.661,1057.1702
"JERC","JERC_1","BrightVectorNorm",3906,1,0.2704,0.2705,12886810.2257,0.9192,3590.3204,971.8956
"JERC","JERC_1","BrightVectorNorm",3906,2,0.2704,0.2705,11388970.3335,0.8641,3375.2549,913.7376
"JERC","JERC_2","Raw",3906,0,0.1769,0.1769,15250600,0.9999,3905.7017,691.8114
"JERC","JERC_2","Raw",3906,1,0.1769,0.1769,12205933.28,0.8946,3494.1991,619.0279
"JERC","JERC_2","Raw",3906,2,0.1769,0.1769,10091784.871,0.8134,3177.257,562.9696
"JERC","JERC_2","BrightnessNorm",3906,0,0.2208,0.2208,15250600,0.9999,3905.7017,863.275
"JERC","JERC_2","BrightnessNorm",3906,1,0.2208,0.2208,11810028.4133,0.8799,3437.0722,759.814
"JERC","JERC_2","BrightnessNorm",3906,2,0.2208,0.2208,9978034.1654,0.8088,3159.3027,698.4899
"JERC","JERC_2","VectorNorm",3906,0,0.2208,0.2208,15250600,0.9999,3905.7017,863.275
"JERC","JERC_2","VectorNorm",3906,1,0.2208,0.2208,11810028.4133,0.8799,3437.0722,759.814
"JERC","JERC_2","VectorNorm",3906,2,0.2208,0.2208,9978034.1654,0.8088,3159.3027,698.4899
"JERC","JERC_2","BrightVectorNorm",3906,0,0.2208,0.2208,15250600,0.9999,3905.7017,863.275
"JERC","JERC_2","BrightVectorNorm",3906,1,0.2208,0.2208,11810028.4133,0.8799,3437.0722,759.814
"JERC","JERC_2","BrightVectorNorm",3906,2,0.2208,0.2208,9978034.1654,0.8088,3159.3027,698.4899
"JORN","JORN_1","Raw",14298,0,0.0992,0.0992,204409500,1,14297.685,1419.3561
"JORN","JORN_1","Raw",14298,1,0.0992,0.0992,166602871.1716,0.9028,12907.9735,1281.4942
"JORN","JORN_1","Raw",14298,2,0.0992,0.0992,136890907.5948,0.8183,11700.5388,1161.7145
"JORN","JORN_1","BrightnessNorm",14298,0,0.0874,0.0874,204409500,1,14297.685,1250.9639
"JORN","JORN_1","BrightnessNorm",14298,1,0.0874,0.0874,177000094.3916,0.9305,13304.6383,1164.1475
"JORN","JORN_1","BrightnessNorm",14298,2,0.0874,0.0874,150060342.0624,0.8568,12250.4119,1071.9826
"JORN","JORN_1","VectorNorm",14298,0,0.0874,0.0874,204409500,1,14297.685,1250.9639
"JORN","JORN_1","VectorNorm",14298,1,0.0874,0.0874,177000094.3916,0.9305,13304.6383,1164.1475
"JORN","JORN_1","VectorNorm",14298,2,0.0874,0.0874,150060342.0624,0.8568,12250.4119,1071.9826
"JORN","JORN_1","BrightVectorNorm",14298,0,0.0874,0.0874,204409500,1,14297.685,1250.9639
"JORN","JORN_1","BrightVectorNorm",14298,1,0.0874,0.0874,177000094.3916,0.9305,13304.6383,1164.1475
"JORN","JORN_1","BrightVectorNorm",14298,2,0.0874,0.0874,150060342.0624,0.8568,12250.4119,1071.9826
"JORN","JORN_2","Raw",14298,0,0.1086,0.1086,204409086,1,14297.6706,1554.0718
"JORN","JORN_2","Raw",14298,1,0.1086,0.1086,164929226.2415,0.8982,12842.9774,1396.0571
"JORN","JORN_2","Raw",14298,2,0.1086,0.1086,137422629.0013,0.8199,11723.2398,1274.4266
"JORN","JORN_2","BrightnessNorm",14298,0,0.0662,0.0662,204409086,1,14297.6706,947.9025
"JORN","JORN_2","BrightnessNorm",14298,1,0.0662,0.0662,179848594.3998,0.938,13411.2641,889.1978
"JORN","JORN_2","BrightnessNorm",14298,2,0.0662,0.0662,154481003.3664,0.8693,12429.5387,824.1803
"JORN","JORN_2","VectorNorm",14298,0,0.0662,0.0662,204409086,1,14297.6706,947.9025
"JORN","JORN_2","VectorNorm",14298,1,0.0662,0.0662,179848594.3998,0.938,13411.2641,889.1978
"JORN","JORN_2","VectorNorm",14298,2,0.0662,0.0662,154481003.3664,0.8693,12429.5387,824.1803
"JORN","JORN_2","BrightVectorNorm",14298,0,0.0662,0.0662,204409086,1,14297.6706,947.9025
"JORN","JORN_2","BrightVectorNorm",14298,1,0.0662,0.0662,179848594.3998,0.938,13411.2641,889.1978
"JORN","JORN_2","BrightVectorNorm",14298,2,0.0662,0.0662,154481003.3664,0.8693,12429.5387,824.1803
"KONA","KONA_1","Raw",427,0,0.2781,0.2788,181666,0.9994,426.7232,119.6884
"KONA","KONA_1","Raw",427,1,0.2781,0.2788,156041.2339,0.9263,395.5209,111.0098
"KONA","KONA_1","Raw",427,2,0.2781,0.2788,141082.13,0.8808,376.1093,105.6107
"KONA","KONA_1","BrightnessNorm",427,0,0.3501,0.351,181666,0.9994,426.7232,150.4123
"KONA","KONA_1","BrightnessNorm",427,1,0.3501,0.351,141083.3638,0.8808,376.111,132.691
"KONA","KONA_1","BrightnessNorm",427,2,0.3501,0.351,122625.9194,0.8213,350.6802,123.7867
"KONA","KONA_1","VectorNorm",427,0,0.3501,0.351,181666,0.9994,426.7232,150.4123
"KONA","KONA_1","VectorNorm",427,1,0.3501,0.351,141083.3638,0.8808,376.111,132.691
"KONA","KONA_1","VectorNorm",427,2,0.3501,0.351,122625.9194,0.8213,350.6802,123.7867
"KONA","KONA_1","BrightVectorNorm",427,0,0.3501,0.351,181666,0.9994,426.7232,150.4123
"KONA","KONA_1","BrightVectorNorm",427,1,0.3501,0.351,141083.3638,0.8808,376.111,132.691
"KONA","KONA_1","BrightVectorNorm",427,2,0.3501,0.351,122625.9194,0.8213,350.6802,123.7867
"KONA","KONA_2","Raw",427,0,0.358,0.3589,181656,0.9993,426.7115,153.7728
"KONA","KONA_2","Raw",427,1,0.358,0.3589,160943.9033,0.9407,401.6785,144.8104
"KONA","KONA_2","Raw",427,2,0.358,0.3589,147967.4716,0.902,385.1657,138.8985
"KONA","KONA_2","BrightnessNorm",427,0,0.415,0.416,181656,0.9993,426.7115,178.0904
"KONA","KONA_2","BrightnessNorm",427,1,0.415,0.416,157538.814,0.9307,397.4119,165.9307
"KONA","KONA_2","BrightnessNorm",427,2,0.415,0.416,143516.9429,0.8884,379.3366,158.4293
"KONA","KONA_2","VectorNorm",427,0,0.415,0.416,181656,0.9993,426.7115,178.0904
"KONA","KONA_2","VectorNorm",427,1,0.415,0.416,157538.814,0.9307,397.4119,165.9307
"KONA","KONA_2","VectorNorm",427,2,0.415,0.416,143516.9429,0.8884,379.3366,158.4293
"KONA","KONA_2","BrightVectorNorm",427,0,0.415,0.416,181656,0.9993,426.7115,178.0904
"KONA","KONA_2","BrightVectorNorm",427,1,0.415,0.416,157538.814,0.9307,397.4119,165.9307
"KONA","KONA_2","BrightVectorNorm",427,2,0.415,0.416,143516.9429,0.8884,379.3366,158.4293
"KONZ","KONZ","Raw",11518,0,0.1527,0.1527,132643384,1,11517.591,1759.5139
"KONZ","KONZ","Raw",11518,1,0.1527,0.1527,109852612.4428,0.91,10481.5597,1601.332
"KONZ","KONZ","Raw",11518,2,0.1527,0.1527,92891006.6777,0.8368,9638.4981,1472.6127
"KONZ","KONZ","BrightnessNorm",11518,0,0.1262,0.1262,132643384,1,11517.591,1454.007
"KONZ","KONZ","BrightnessNorm",11518,1,0.1262,0.1262,101389136.8804,0.8743,10069.7173,1271.3498
"KONZ","KONZ","BrightnessNorm",11518,2,0.1262,0.1262,78356498.3922,0.7686,8852.4206,1117.7812
"KONZ","KONZ","VectorNorm",11518,0,0.1262,0.1262,132643384,1,11517.591,1454.007
"KONZ","KONZ","VectorNorm",11518,1,0.1262,0.1262,101389136.8804,0.8743,10069.7173,1271.3498
"KONZ","KONZ","VectorNorm",11518,2,0.1262,0.1262,78356498.3922,0.7686,8852.4206,1117.7812
"KONZ","KONZ","BrightVectorNorm",11518,0,0.1262,0.1262,132643384,1,11517.591,1454.007
"KONZ","KONZ","BrightVectorNorm",11518,1,0.1262,0.1262,101389136.8804,0.8743,10069.7173,1271.3498
"KONZ","KONZ","BrightVectorNorm",11518,2,0.1262,0.1262,78356498.3922,0.7686,8852.4206,1117.7812
"LAJA","LAJA","Raw",1060,0,0.2517,0.252,1122032,0.9998,1059.7602,267.7843
"LAJA","LAJA","Raw",1060,1,0.2517,0.252,895856.5566,0.8934,946.9971,239.3973
"LAJA","LAJA","Raw",1060,2,0.2517,0.252,758486.1445,0.8221,871.4112,220.3693
"LAJA","LAJA","BrightnessNorm",1060,0,0.257,0.2572,1122032,0.9998,1059.7602,273.3547
"LAJA","LAJA","BrightnessNorm",1060,1,0.257,0.2572,875192.4727,0.883,936.0174,241.5532
"LAJA","LAJA","BrightnessNorm",1060,2,0.257,0.2572,735971.8371,0.8098,858.3882,221.6028
"LAJA","LAJA","VectorNorm",1060,0,0.257,0.2572,1122032,0.9998,1059.7602,273.3547
"LAJA","LAJA","VectorNorm",1060,1,0.257,0.2572,875192.4727,0.883,936.0174,241.5532
"LAJA","LAJA","VectorNorm",1060,2,0.257,0.2572,735971.8371,0.8098,858.3882,221.6028
"LAJA","LAJA","BrightVectorNorm",1060,0,0.257,0.2572,1122032,0.9998,1059.7602,273.3547
"LAJA","LAJA","BrightVectorNorm",1060,1,0.257,0.2572,875192.4727,0.883,936.0174,241.5532
"LAJA","LAJA","BrightVectorNorm",1060,2,0.257,0.2572,735971.8371,0.8098,858.3882,221.6028
"LENO","LENO_1","Raw",2032,0,0.1597,0.1598,4125808,0.9999,2031.7086,325.4761
"LENO","LENO_1","Raw",2032,1,0.1597,0.1598,3306754.358,0.8952,1818.9484,291.497
"LENO","LENO_1","Raw",2032,2,0.1597,0.1598,2798241.6201,0.8235,1673.2946,268.2352
"LENO","LENO_1","BrightnessNorm",2032,0,0.1072,0.1073,4125808,0.9999,2031.7086,218.7968
"LENO","LENO_1","BrightnessNorm",2032,1,0.1072,0.1073,2983944.4789,0.8503,1727.9098,186.2299
"LENO","LENO_1","BrightnessNorm",2032,2,0.1072,0.1073,2231183.0188,0.7353,1494.2146,161.1781
"LENO","LENO_1","VectorNorm",2032,0,0.1072,0.1073,4125808,0.9999,2031.7086,218.7968
"LENO","LENO_1","VectorNorm",2032,1,0.1072,0.1073,2983944.4789,0.8503,1727.9098,186.2299
"LENO","LENO_1","VectorNorm",2032,2,0.1072,0.1073,2231183.0188,0.7353,1494.2146,161.1781
"LENO","LENO_1","BrightVectorNorm",2032,0,0.1072,0.1073,4125808,0.9999,2031.7086,218.7968
"LENO","LENO_1","BrightVectorNorm",2032,1,0.1072,0.1073,2983944.4789,0.8503,1727.9098,186.2299
"LENO","LENO_1","BrightVectorNorm",2032,2,0.1072,0.1073,2231183.0188,0.7353,1494.2146,161.1781
"LENO","LENO_2","Raw",2032,0,0.1355,0.1355,4125726,0.9998,2031.6884,276.2041
"LENO","LENO_2","Raw",2032,1,0.1355,0.1355,3280588.0576,0.8916,1811.7394,246.4107
"LENO","LENO_2","Raw",2032,2,0.1355,0.1355,2720399.7804,0.8119,1649.8635,224.4836
"LENO","LENO_2","BrightnessNorm",2032,0,0.1614,0.1615,4125726,0.9998,2031.6884,328.9844
"LENO","LENO_2","BrightnessNorm",2032,1,0.1614,0.1615,3549949.1613,0.9275,1884.6309,305.2443
"LENO","LENO_2","BrightnessNorm",2032,2,0.1614,0.1615,3039126.4099,0.8582,1743.8091,282.5108
"LENO","LENO_2","VectorNorm",2032,0,0.1614,0.1615,4125726,0.9998,2031.6884,328.9844
"LENO","LENO_2","VectorNorm",2032,1,0.1614,0.1615,3549949.1613,0.9275,1884.6309,305.2443
"LENO","LENO_2","VectorNorm",2032,2,0.1614,0.1615,3039126.4099,0.8582,1743.8091,282.5108
"LENO","LENO_2","BrightVectorNorm",2032,0,0.1614,0.1615,4125726,0.9998,2031.6884,328.9844
"LENO","LENO_2","BrightVectorNorm",2032,1,0.1614,0.1615,3549949.1613,0.9275,1884.6309,305.2443
"LENO","LENO_2","BrightVectorNorm",2032,2,0.1614,0.1615,3039126.4099,0.8582,1743.8091,282.5108
"MLBS","MLBS","Raw",3252,0,0.0873,0.0873,10569962,0.9999,3251.6478,284.9223
"MLBS","MLBS","Raw",3252,1,0.0873,0.0873,6082419.8381,0.7585,2466.7563,216.3884
"MLBS","MLBS","Raw",3252,2,0.0873,0.0873,3864328.9851,0.6046,1966.2897,172.6894
"MLBS","MLBS","BrightnessNorm",3252,0,0.1254,0.1254,10569962,0.9999,3251.6478,408.6414
"MLBS","MLBS","BrightnessNorm",3252,1,0.1254,0.1254,5680143.3906,0.733,2383.8052,299.8447
"MLBS","MLBS","BrightnessNorm",3252,2,0.1254,0.1254,3501315.1251,0.5755,1871.6802,235.6424
"MLBS","MLBS","VectorNorm",3252,0,0.1254,0.1254,10569962,0.9999,3251.6478,408.6414
"MLBS","MLBS","VectorNorm",3252,1,0.1254,0.1254,5680143.3906,0.733,2383.8052,299.8447
"MLBS","MLBS","VectorNorm",3252,2,0.1254,0.1254,3501315.1251,0.5755,1871.6802,235.6424
"MLBS","MLBS","BrightVectorNorm",3252,0,0.1254,0.1254,10569962,0.9999,3251.6478,408.6414
"MLBS","MLBS","BrightVectorNorm",3252,1,0.1254,0.1254,5680143.3906,0.733,2383.8052,299.8447
"MLBS","MLBS","BrightVectorNorm",3252,2,0.1254,0.1254,3501315.1251,0.5755,1871.6802,235.6424
"MOAB","MOAB_1","Raw",16210,0,0.1563,0.1563,262736396,1,16209.6455,2534.8934
"MOAB","MOAB_1","Raw",16210,1,0.1563,0.1563,206288807.7535,0.8861,14363.2577,2246.2659
"MOAB","MOAB_1","Raw",16210,2,0.1563,0.1563,173696460.9806,0.8131,13179.8953,2061.2825
"MOAB","MOAB_1","BrightnessNorm",16210,0,0.147,0.147,262736396,1,16209.6455,2383.5149
"MOAB","MOAB_1","BrightnessNorm",16210,1,0.147,0.147,230314313.7761,0.9362,15176.61,2231.678
"MOAB","MOAB_1","BrightnessNorm",16210,2,0.147,0.147,204249809.4879,0.8817,14292.0993,2101.6715
"MOAB","MOAB_1","VectorNorm",16210,0,0.147,0.147,262736396,1,16209.6455,2383.5149
"MOAB","MOAB_1","VectorNorm",16210,1,0.147,0.147,230314313.7761,0.9362,15176.61,2231.678
"MOAB","MOAB_1","VectorNorm",16210,2,0.147,0.147,204249809.4879,0.8817,14292.0993,2101.6715
"MOAB","MOAB_1","BrightVectorNorm",16210,0,0.147,0.147,262736396,1,16209.6455,2383.5149
"MOAB","MOAB_1","BrightVectorNorm",16210,1,0.147,0.147,230314313.7761,0.9362,15176.61,2231.678
"MOAB","MOAB_1","BrightVectorNorm",16210,2,0.147,0.147,204249809.4879,0.8817,14292.0993,2101.6715
"MOAB","MOAB_2","Raw",16210,0,0.1421,0.1421,262736128,1,16209.6372,2304.2687
"MOAB","MOAB_2","Raw",16210,1,0.1421,0.1421,205154803.872,0.8836,14323.726,2036.2947
"MOAB","MOAB_2","Raw",16210,2,0.1421,0.1421,170712929.7869,0.8061,13066.2158,1857.6119
"MOAB","MOAB_2","BrightnessNorm",16210,0,0.1019,0.102,262736128,1,16209.6372,1653.5064
"MOAB","MOAB_2","BrightnessNorm",16210,1,0.1019,0.102,228584854.14,0.9327,15119.5229,1542.3737
"MOAB","MOAB_2","BrightnessNorm",16210,2,0.1019,0.102,195750004.8167,0.8631,13991.5688,1427.3834
"MOAB","MOAB_2","VectorNorm",16210,0,0.1019,0.102,262736128,1,16209.6372,1653.5064
"MOAB","MOAB_2","VectorNorm",16210,1,0.1019,0.102,228584854.14,0.9327,15119.5229,1542.3737
"MOAB","MOAB_2","VectorNorm",16210,2,0.1019,0.102,195750004.8167,0.8631,13991.5688,1427.3834
"MOAB","MOAB_2","BrightVectorNorm",16210,0,0.1019,0.102,262736128,1,16209.6372,1653.5064
"MOAB","MOAB_2","BrightVectorNorm",16210,1,0.1019,0.102,228584854.14,0.9327,15119.5229,1542.3737
"MOAB","MOAB_2","BrightVectorNorm",16210,2,0.1019,0.102,195750004.8167,0.8631,13991.5688,1427.3834
"NIWO","NIWO_1","Raw",4324,0,0.3362,0.3363,18689468,0.9999,4323.6318,1454.6339
"NIWO","NIWO_1","Raw",4324,1,0.3362,0.3363,15307125.3692,0.9049,3912.9322,1316.5539
"NIWO","NIWO_1","Raw",4324,2,0.3362,0.3363,13576397.0318,0.8522,3685.1163,1239.9607
"NIWO","NIWO_1","BrightnessNorm",4324,0,0.2631,0.2631,18689468,0.9999,4323.6318,1138.3488
"NIWO","NIWO_1","BrightnessNorm",4324,1,0.2631,0.2631,14762462.8572,0.8887,3842.6951,1011.8365
"NIWO","NIWO_1","BrightnessNorm",4324,2,0.2631,0.2631,12653225.9313,0.8228,3557.6374,936.8509
"NIWO","NIWO_1","VectorNorm",4324,0,0.2631,0.2631,18689468,0.9999,4323.6318,1138.3488
"NIWO","NIWO_1","VectorNorm",4324,1,0.2631,0.2631,14762462.8572,0.8887,3842.6951,1011.8365
"NIWO","NIWO_1","VectorNorm",4324,2,0.2631,0.2631,12653225.9313,0.8228,3557.6374,936.8509
"NIWO","NIWO_1","BrightVectorNorm",4324,0,0.2631,0.2631,18689468,0.9999,4323.6318,1138.3488
"NIWO","NIWO_1","BrightVectorNorm",4324,1,0.2631,0.2631,14762462.8572,0.8887,3842.6951,1011.8365
"NIWO","NIWO_1","BrightVectorNorm",4324,2,0.2631,0.2631,12653225.9313,0.8228,3557.6374,936.8509
"NIWO","NIWO_2","Raw",4324,0,0.1673,0.1673,18689470,0.9999,4323.632,724.1631
"NIWO","NIWO_2","Raw",4324,1,0.1673,0.1673,14599685.8563,0.8838,3821.4536,640.1697
"NIWO","NIWO_2","Raw",4324,2,0.1673,0.1673,12395378.106,0.8143,3521.2071,589.951
"NIWO","NIWO_2","BrightnessNorm",4324,0,0.3548,0.3549,18689470,0.9999,4323.632,1534.947
"NIWO","NIWO_2","BrightnessNorm",4324,1,0.3548,0.3549,15370906.1499,0.9068,3921.0748,1392.1269
"NIWO","NIWO_2","BrightnessNorm",4324,2,0.3548,0.3549,13683127.7387,0.8556,3699.5712,1313.5415
"NIWO","NIWO_2","VectorNorm",4324,0,0.3548,0.3549,18689470,0.9999,4323.632,1534.947
"NIWO","NIWO_2","VectorNorm",4324,1,0.3548,0.3549,15370906.1499,0.9068,3921.0748,1392.1269
"NIWO","NIWO_2","VectorNorm",4324,2,0.3548,0.3549,13683127.7387,0.8556,3699.5712,1313.5415
"NIWO","NIWO_2","BrightVectorNorm",4324,0,0.3548,0.3549,18689470,0.9999,4323.632,1534.947
"NIWO","NIWO_2","BrightVectorNorm",4324,1,0.3548,0.3549,15370906.1499,0.9068,3921.0748,1392.1269
"NIWO","NIWO_2","BrightVectorNorm",4324,2,0.3548,0.3549,13683127.7387,0.8556,3699.5712,1313.5415
"OAES","OAES_1","Raw",1719,0,0.1516,0.1517,2952128,0.9998,1718.6758,261.5835
"OAES","OAES_1","Raw",1719,1,0.1516,0.1517,2395667.4471,0.9007,1548.2945,235.7505
"OAES","OAES_1","Raw",1719,2,0.1516,0.1517,1998007.3886,0.8226,1414.009,215.3903
"OAES","OAES_1","BrightnessNorm",1719,0,0.1703,0.1704,2952128,0.9998,1718.6758,293.6163
"OAES","OAES_1","BrightnessNorm",1719,1,0.1703,0.1704,2188116.172,0.8608,1479.7283,252.9338
"OAES","OAES_1","BrightnessNorm",1719,2,0.1703,0.1704,1722613.6762,0.7638,1312.9839,224.5445
"OAES","OAES_1","VectorNorm",1719,0,0.1703,0.1704,2952128,0.9998,1718.6758,293.6163
"OAES","OAES_1","VectorNorm",1719,1,0.1703,0.1704,2188116.172,0.8608,1479.7283,252.9338
"OAES","OAES_1","VectorNorm",1719,2,0.1703,0.1704,1722613.6762,0.7638,1312.9839,224.5445
"OAES","OAES_1","BrightVectorNorm",1719,0,0.1703,0.1704,2952128,0.9998,1718.6758,293.6163
"OAES","OAES_1","BrightVectorNorm",1719,1,0.1703,0.1704,2188116.172,0.8608,1479.7283,252.9338
"OAES","OAES_1","BrightVectorNorm",1719,2,0.1703,0.1704,1722613.6762,0.7638,1312.9839,224.5445
"OAES","OAES_2","Raw",1719,0,0.1873,0.1874,2952162,0.9998,1718.6857,322.8822
"OAES","OAES_2","Raw",1719,1,0.1873,0.1874,2449611.9663,0.9108,1565.6237,294.2162
"OAES","OAES_2","Raw",1719,2,0.1873,0.1874,2100844.4072,0.8435,1449.9291,272.5484
"OAES","OAES_2","BrightnessNorm",1719,0,0.1646,0.1647,2952162,0.9998,1718.6857,283.8672
"OAES","OAES_2","BrightnessNorm",1719,1,0.1646,0.1647,2221274.9755,0.8673,1490.8943,246.3765
"OAES","OAES_2","BrightnessNorm",1719,2,0.1646,0.1647,1746759.4911,0.7691,1322.1504,218.604
"OAES","OAES_2","VectorNorm",1719,0,0.1646,0.1647,2952162,0.9998,1718.6857,283.8672
"OAES","OAES_2","VectorNorm",1719,1,0.1646,0.1647,2221274.9755,0.8673,1490.8943,246.3765
"OAES","OAES_2","VectorNorm",1719,2,0.1646,0.1647,1746759.4911,0.7691,1322.1504,218.604
"OAES","OAES_2","BrightVectorNorm",1719,0,0.1646,0.1647,2952162,0.9998,1718.6857,283.8672
"OAES","OAES_2","BrightVectorNorm",1719,1,0.1646,0.1647,2221274.9755,0.8673,1490.8943,246.3765
"OAES","OAES_2","BrightVectorNorm",1719,2,0.1646,0.1647,1746759.4911,0.7691,1322.1504,218.604
"ONAQ","ONAQ_1","Raw",23314,0,0.0988,0.0988,543502960,1,23313.6499,2304.337
"ONAQ","ONAQ_1","Raw",23314,1,0.0988,0.0988,419406107.2771,0.8784,20479.9069,2024.3694
"ONAQ","ONAQ_1","Raw",23314,2,0.0988,0.0988,334298281.3343,0.7843,18284.3257,1807.4509
"ONAQ","ONAQ_1","BrightnessNorm",23314,0,0.0947,0.0947,543502960,1,23313.6499,2208.9172
"ONAQ","ONAQ_1","BrightnessNorm",23314,1,0.0947,0.0947,399236997.1454,0.8571,19981.4158,1893.3383
"ONAQ","ONAQ_1","BrightnessNorm",23314,2,0.0947,0.0947,301071162.9695,0.7443,17351.9023,1644.3104
"ONAQ","ONAQ_1","VectorNorm",23314,0,0.0947,0.0947,543502960,1,23313.6499,2208.9172
"ONAQ","ONAQ_1","VectorNorm",23314,1,0.0947,0.0947,399236997.1454,0.8571,19981.4158,1893.3383
"ONAQ","ONAQ_1","VectorNorm",23314,2,0.0947,0.0947,301071162.9695,0.7443,17351.9023,1644.3104
"ONAQ","ONAQ_1","BrightVectorNorm",23314,0,0.0947,0.0947,543502960,1,23313.6499,2208.9172
"ONAQ","ONAQ_1","BrightVectorNorm",23314,1,0.0947,0.0947,399236997.1454,0.8571,19981.4158,1893.3383
"ONAQ","ONAQ_1","BrightVectorNorm",23314,2,0.0947,0.0947,301071162.9695,0.7443,17351.9023,1644.3104
"ONAQ","ONAQ_2","Raw",23314,0,0.171,0.171,543501090,1,23313.6098,3987.612
"ONAQ","ONAQ_2","Raw",23314,1,0.171,0.171,408790117.3409,0.8672,20219.0587,3458.4458
"ONAQ","ONAQ_2","Raw",23314,2,0.171,0.171,330964292.5607,0.7803,18192.924,3111.9781
"ONAQ","ONAQ_2","BrightnessNorm",23314,0,0.1875,0.1875,543501090,1,23313.6098,4372.8465
"ONAQ","ONAQ_2","BrightnessNorm",23314,1,0.1875,0.1875,411962109.13,0.8706,20297.3497,3807.2273
"ONAQ","ONAQ_2","BrightnessNorm",23314,2,0.1875,0.1875,328073060.3864,0.7769,18113.2872,3397.6645
"ONAQ","ONAQ_2","VectorNorm",23314,0,0.1875,0.1875,543501090,1,23313.6098,4372.8465
"ONAQ","ONAQ_2","VectorNorm",23314,1,0.1875,0.1875,411962109.13,0.8706,20297.3497,3807.2273
"ONAQ","ONAQ_2","VectorNorm",23314,2,0.1875,0.1875,328073060.3864,0.7769,18113.2872,3397.6645
"ONAQ","ONAQ_2","BrightVectorNorm",23314,0,0.1875,0.1875,543501090,1,23313.6098,4372.8465
"ONAQ","ONAQ_2","BrightVectorNorm",23314,1,0.1875,0.1875,411962109.13,0.8706,20297.3497,3807.2273
"ONAQ","ONAQ_2","BrightVectorNorm",23314,2,0.1875,0.1875,328073060.3864,0.7769,18113.2872,3397.6645
"ORNL","ORNL","Raw",17516,0,0.1679,0.1679,306781394,1,17515.6761,2941.0451
"ORNL","ORNL","Raw",17516,1,0.1679,0.1679,217122326.5263,0.8413,14735.5713,2474.3983
"ORNL","ORNL","Raw",17516,2,0.1679,0.1679,165158253.7525,0.7337,12851.8911,2158.2184
"ORNL","ORNL","BrightnessNorm",17516,0,0.1149,0.1149,306781394,1,17515.6761,2013.6445
"ORNL","ORNL","BrightnessNorm",17516,1,0.1149,0.1149,176304790.1616,0.7581,13278.4814,1526.7683
"ORNL","ORNL","BrightnessNorm",17516,2,0.1149,0.1149,115393036.9142,0.6133,10742.6151,1235.3837
"ORNL","ORNL","VectorNorm",17516,0,0.1149,0.1149,306781394,1,17515.6761,2013.6445
"ORNL","ORNL","VectorNorm",17516,1,0.1149,0.1149,176304790.1616,0.7581,13278.4814,1526.7683
"ORNL","ORNL","VectorNorm",17516,2,0.1149,0.1149,115393036.9142,0.6133,10742.6151,1235.3837
"ORNL","ORNL","BrightVectorNorm",17516,0,0.1149,0.1149,306781394,1,17515.6761,2013.6445
"ORNL","ORNL","BrightVectorNorm",17516,1,0.1149,0.1149,176304790.1616,0.7581,13278.4814,1526.7683
"ORNL","ORNL","BrightVectorNorm",17516,2,0.1149,0.1149,115393036.9142,0.6133,10742.6151,1235.3837
"RMNP","RMNP_1","Raw",15096,0,0.1987,0.1987,227863776,1,15095.6574,2999.8493
"RMNP","RMNP_1","Raw",15096,1,0.1987,0.1987,177233222.1884,0.8819,13313.3968,2645.7918
"RMNP","RMNP_1","Raw",15096,2,0.1987,0.1987,150079280.4376,0.8116,12251.1849,2434.7766
"RMNP","RMNP_1","BrightnessNorm",15096,0,0.2509,0.2509,227863776,1,15095.6574,3788.3734
"RMNP","RMNP_1","BrightnessNorm",15096,1,0.2509,0.2509,179343806.8626,0.8872,13392.4307,3361.0481
"RMNP","RMNP_1","BrightnessNorm",15096,2,0.2509,0.2509,154380943.113,0.8231,12425.5128,3118.4566
"RMNP","RMNP_1","VectorNorm",15096,0,0.2509,0.2509,227863776,1,15095.6574,3788.3734
"RMNP","RMNP_1","VectorNorm",15096,1,0.2509,0.2509,179343806.8626,0.8872,13392.4307,3361.0481
"RMNP","RMNP_1","VectorNorm",15096,2,0.2509,0.2509,154380943.113,0.8231,12425.5128,3118.4566
"RMNP","RMNP_1","BrightVectorNorm",15096,0,0.2509,0.2509,227863776,1,15095.6574,3788.3734
"RMNP","RMNP_1","BrightVectorNorm",15096,1,0.2509,0.2509,179343806.8626,0.8872,13392.4307,3361.0481
"RMNP","RMNP_1","BrightVectorNorm",15096,2,0.2509,0.2509,154380943.113,0.8231,12425.5128,3118.4566
"RMNP","RMNP_2","Raw",15096,0,0.177,0.177,227863700,1,15095.6549,2672.8786
"RMNP","RMNP_2","Raw",15096,1,0.177,0.177,177894553.217,0.8836,13338.2117,2361.8173
"RMNP","RMNP_2","Raw",15096,2,0.177,0.177,150301262.701,0.8122,12260.2416,2171.0203
"RMNP","RMNP_2","BrightnessNorm",15096,0,0.2634,0.2634,227863700,1,15095.6549,3976.7117
"RMNP","RMNP_2","BrightnessNorm",15096,1,0.2634,0.2634,182161034.4195,0.8941,13497.2046,3555.7311
"RMNP","RMNP_2","BrightnessNorm",15096,2,0.2634,0.2634,157565525.205,0.8315,12553.0107,3307.0607
"RMNP","RMNP_2","VectorNorm",15096,0,0.2634,0.2634,227863700,1,15095.6549,3976.7117
"RMNP","RMNP_2","VectorNorm",15096,1,0.2634,0.2634,182161034.4195,0.8941,13497.2046,3555.7311
"RMNP","RMNP_2","VectorNorm",15096,2,0.2634,0.2634,157565525.205,0.8315,12553.0107,3307.0607
"RMNP","RMNP_2","BrightVectorNorm",15096,0,0.2634,0.2634,227863700,1,15095.6549,3976.7117
"RMNP","RMNP_2","BrightVectorNorm",15096,1,0.2634,0.2634,182161034.4195,0.8941,13497.2046,3555.7311
"RMNP","RMNP_2","BrightVectorNorm",15096,2,0.2634,0.2634,157565525.205,0.8315,12553.0107,3307.0607
"SCBI","SCBI_1","Raw",2839,0,0.1912,0.1913,8055020,0.9999,2838.6368,543.8345
"SCBI","SCBI_1","Raw",2839,1,0.1912,0.1913,6109204.7495,0.8708,2472.1806,473.7568
"SCBI","SCBI_1","Raw",2839,2,0.1912,0.1913,5031386.8627,0.7903,2243.5754,430.0405
"SCBI","SCBI_1","BrightnessNorm",2839,0,0.1444,0.1445,8055020,0.9999,2838.6368,410.9552
"SCBI","SCBI_1","BrightnessNorm",2839,1,0.1444,0.1445,4129425.9293,0.716,2032.599,294.5474
"SCBI","SCBI_1","BrightnessNorm",2839,2,0.1444,0.1445,2799507.7112,0.5895,1673.673,242.7114
"SCBI","SCBI_1","VectorNorm",2839,0,0.1444,0.1445,8055020,0.9999,2838.6368,410.9552
"SCBI","SCBI_1","VectorNorm",2839,1,0.1444,0.1445,4129425.9293,0.716,2032.599,294.5474
"SCBI","SCBI_1","VectorNorm",2839,2,0.1444,0.1445,2799507.7112,0.5895,1673.673,242.7114
"SCBI","SCBI_1","BrightVectorNorm",2839,0,0.1444,0.1445,8055020,0.9999,2838.6368,410.9552
"SCBI","SCBI_1","BrightVectorNorm",2839,1,0.1444,0.1445,4129425.9293,0.716,2032.599,294.5474
"SCBI","SCBI_1","BrightVectorNorm",2839,2,0.1444,0.1445,2799507.7112,0.5895,1673.673,242.7114
"SCBI","SCBI_2","Raw",2839,0,0.0921,0.0922,8055170,0.9999,2838.6632,262.5128
"SCBI","SCBI_2","Raw",2839,1,0.0921,0.0922,4276918.5016,0.7286,2068.5713,191.5678
"SCBI","SCBI_2","Raw",2839,2,0.0921,0.0922,2621247.1029,0.5705,1619.5267,150.1995
"SCBI","SCBI_2","BrightnessNorm",2839,0,0.1953,0.1954,8055170,0.9999,2838.6632,555.4799
"SCBI","SCBI_2","BrightnessNorm",2839,1,0.1953,0.1954,5064975.8883,0.7929,2251.0502,440.7006
"SCBI","SCBI_2","BrightnessNorm",2839,2,0.1953,0.1954,3623691.9018,0.6707,1904.0998,372.9303
"SCBI","SCBI_2","VectorNorm",2839,0,0.1953,0.1954,8055170,0.9999,2838.6632,555.4799
"SCBI","SCBI_2","VectorNorm",2839,1,0.1953,0.1954,5064975.8883,0.7929,2251.0502,440.7006
"SCBI","SCBI_2","VectorNorm",2839,2,0.1953,0.1954,3623691.9018,0.6707,1904.0998,372.9303
"SCBI","SCBI_2","BrightVectorNorm",2839,0,0.1953,0.1954,8055170,0.9999,2838.6632,555.4799
"SCBI","SCBI_2","BrightVectorNorm",2839,1,0.1953,0.1954,5064975.8883,0.7929,2251.0502,440.7006
"SCBI","SCBI_2","BrightVectorNorm",2839,2,0.1953,0.1954,3623691.9018,0.6707,1904.0998,372.9303
"SERC","SERC","Raw",2852,0,0.1422,0.1422,8129124,0.9999,2851.6619,406.4689
"SERC","SERC","Raw",2852,1,0.1422,0.1422,5990776.3442,0.8584,2448.1063,349.0886
"SERC","SERC","Raw",2852,2,0.1422,0.1422,4835013.768,0.7712,2199.3665,313.7211
"SERC","SERC","BrightnessNorm",2852,0,0.1133,0.1133,8129124,0.9999,2851.6619,323.9944
"SERC","SERC","BrightnessNorm",2852,1,0.1133,0.1133,4466299.6608,0.7412,2113.8622,240.4273
"SERC","SERC","BrightnessNorm",2852,2,0.1133,0.1133,3082946.4619,0.6158,1756.3322,199.9315
"SERC","SERC","VectorNorm",2852,0,0.1133,0.1133,8129124,0.9999,2851.6619,323.9944
"SERC","SERC","VectorNorm",2852,1,0.1133,0.1133,4466299.6608,0.7412,2113.8622,240.4273
"SERC","SERC","VectorNorm",2852,2,0.1133,0.1133,3082946.4619,0.6158,1756.3322,199.9315
"SERC","SERC","BrightVectorNorm",2852,0,0.1133,0.1133,8129124,0.9999,2851.6619,323.9944
"SERC","SERC","BrightVectorNorm",2852,1,0.1133,0.1133,4466299.6608,0.7412,2113.8622,240.4273
"SERC","SERC","BrightVectorNorm",2852,2,0.1133,0.1133,3082946.4619,0.6158,1756.3322,199.9315
"SJER","SJER","Raw",5743,0,0.1807,0.1807,32972418,0.9999,5742.6615,1038.707
"SJER","SJER","Raw",5743,1,0.1807,0.1807,26145681.0705,0.8904,5113.7848,925.0681
"SJER","SJER","Raw",5743,2,0.1807,0.1807,22223285.0063,0.8209,4714.658,852.9454
"SJER","SJER","BrightnessNorm",5743,0,0.187,0.1871,32972418,0.9999,5742.6615,1075.1428
"SJER","SJER","BrightnessNorm",5743,1,0.187,0.1871,28066568.8363,0.9226,5298.2891,992.0247
"SJER","SJER","BrightnessNorm",5743,2,0.187,0.1871,24250774.348,0.8576,4925.0075,922.2038
"SJER","SJER","VectorNorm",5743,0,0.187,0.1871,32972418,0.9999,5742.6615,1075.1428
"SJER","SJER","VectorNorm",5743,1,0.187,0.1871,28066568.8363,0.9226,5298.2891,992.0247
"SJER","SJER","VectorNorm",5743,2,0.187,0.1871,24250774.348,0.8576,4925.0075,922.2038
"SJER","SJER","BrightVectorNorm",5743,0,0.187,0.1871,32972418,0.9999,5742.6615,1075.1428
"SJER","SJER","BrightVectorNorm",5743,1,0.187,0.1871,28066568.8363,0.9226,5298.2891,992.0247
"SJER","SJER","BrightVectorNorm",5743,2,0.187,0.1871,24250774.348,0.8576,4925.0075,922.2038
"SOAP","SOAP_1","Raw",1669,0,0.1793,0.1794,2782732,0.9998,1668.6523,300.2245
"SOAP","SOAP_1","Raw",1669,1,0.1793,0.1794,2286558.864,0.9063,1512.6373,272.2477
"SOAP","SOAP_1","Raw",1669,2,0.1793,0.1794,1939597.6987,0.8347,1393.1945,250.8291
"SOAP","SOAP_1","BrightnessNorm",1669,0,0.1854,0.1855,2782732,0.9998,1668.6523,310.2949
"SOAP","SOAP_1","BrightnessNorm",1669,1,0.1854,0.1855,2136950.9515,0.8762,1462.3315,272.0521
"SOAP","SOAP_1","BrightnessNorm",1669,2,0.1854,0.1855,1745868.5782,0.792,1321.8133,246.0062
"SOAP","SOAP_1","VectorNorm",1669,0,0.1854,0.1855,2782732,0.9998,1668.6523,310.2949
"SOAP","SOAP_1","VectorNorm",1669,1,0.1854,0.1855,2136950.9515,0.8762,1462.3315,272.0521
"SOAP","SOAP_1","VectorNorm",1669,2,0.1854,0.1855,1745868.5782,0.792,1321.8133,246.0062
"SOAP","SOAP_1","BrightVectorNorm",1669,0,0.1854,0.1855,2782732,0.9998,1668.6523,310.2949
"SOAP","SOAP_1","BrightVectorNorm",1669,1,0.1854,0.1855,2136950.9515,0.8762,1462.3315,272.0521
"SOAP","SOAP_1","BrightVectorNorm",1669,2,0.1854,0.1855,1745868.5782,0.792,1321.8133,246.0062
"SOAP","SOAP_2","Raw",1669,0,0.2411,0.2413,2782774,0.9998,1668.6649,403.3491
"SOAP","SOAP_2","Raw",1669,1,0.2411,0.2413,2195369.2721,0.8881,1482.1779,358.3833
"SOAP","SOAP_2","Raw",1669,2,0.2411,0.2413,1859309.2918,0.8173,1364.065,329.9039
"SOAP","SOAP_2","BrightnessNorm",1669,0,0.2278,0.228,2782774,0.9998,1668.6649,381.1868
"SOAP","SOAP_2","BrightnessNorm",1669,1,0.2278,0.228,2224693.8804,0.894,1492.0409,340.945
"SOAP","SOAP_2","BrightnessNorm",1669,2,0.2278,0.228,1908293.1758,0.828,1381.9099,315.8528
"SOAP","SOAP_2","VectorNorm",1669,0,0.2278,0.228,2782774,0.9998,1668.6649,381.1868
"SOAP","SOAP_2","VectorNorm",1669,1,0.2278,0.228,2224693.8804,0.894,1492.0409,340.945
"SOAP","SOAP_2","VectorNorm",1669,2,0.2278,0.228,1908293.1758,0.828,1381.9099,315.8528
"SOAP","SOAP_2","BrightVectorNorm",1669,0,0.2278,0.228,2782774,0.9998,1668.6649,381.1868
"SOAP","SOAP_2","BrightVectorNorm",1669,1,0.2278,0.228,2224693.8804,0.894,1492.0409,340.945
"SOAP","SOAP_2","BrightVectorNorm",1669,2,0.2278,0.228,1908293.1758,0.828,1381.9099,315.8528
"STER","STER","Raw",918,0,0.3262,0.3266,841110,0.9996,917.6206,300.3643
"STER","STER","Raw",918,1,0.3262,0.3266,693351.3121,0.9076,833.1773,272.8156
"STER","STER","Raw",918,2,0.3262,0.3266,609734.351,0.8511,781.355,255.9091
"STER","STER","BrightnessNorm",918,0,0.3008,0.3011,841110,0.9996,917.6206,276.9849
"STER","STER","BrightnessNorm",918,1,0.3008,0.3011,660356.4472,0.8858,813.1233,245.5561
"STER","STER","BrightnessNorm",918,2,0.3008,0.3011,567941.1959,0.8215,754.1189,227.8099
"STER","STER","VectorNorm",918,0,0.3008,0.3011,841110,0.9996,917.6206,276.9849
"STER","STER","VectorNorm",918,1,0.3008,0.3011,660356.4472,0.8858,813.1233,245.5561
"STER","STER","VectorNorm",918,2,0.3008,0.3011,567941.1959,0.8215,754.1189,227.8099
"STER","STER","BrightVectorNorm",918,0,0.3008,0.3011,841110,0.9996,917.6206,276.9849
"STER","STER","BrightVectorNorm",918,1,0.3008,0.3011,660356.4472,0.8858,813.1233,245.5561
"STER","STER","BrightVectorNorm",918,2,0.3008,0.3011,567941.1959,0.8215,754.1189,227.8099
"TALL","TALL_1","Raw",16286,0,0.1137,0.1137,265207236,1,16285.6846,1853.2828
"TALL","TALL_1","Raw",16286,1,0.1137,0.1137,209086925.0025,0.8879,14460.3384,1645.6736
"TALL","TALL_1","Raw",16286,2,0.1137,0.1137,164910144.6737,0.7885,12842.2345,1461.6355
"TALL","TALL_1","BrightnessNorm",16286,0,0.089,0.089,265207236,1,16285.6846,1450.9916
"TALL","TALL_1","BrightnessNorm",16286,1,0.089,0.089,194482365.1747,0.8563,13946.1934,1242.6956
"TALL","TALL_1","BrightnessNorm",16286,2,0.089,0.089,138137384.175,0.7217,11753.6861,1047.4863
"TALL","TALL_1","VectorNorm",16286,0,0.089,0.089,265207236,1,16285.6846,1450.9916
"TALL","TALL_1","VectorNorm",16286,1,0.089,0.089,194482365.1747,0.8563,13946.1934,1242.6956
"TALL","TALL_1","VectorNorm",16286,2,0.089,0.089,138137384.175,0.7217,11753.6861,1047.4863
"TALL","TALL_1","BrightVectorNorm",16286,0,0.089,0.089,265207236,1,16285.6846,1450.9916
"TALL","TALL_1","BrightVectorNorm",16286,1,0.089,0.089,194482365.1747,0.8563,13946.1934,1242.6956
"TALL","TALL_1","BrightVectorNorm",16286,2,0.089,0.089,138137384.175,0.7217,11753.6861,1047.4863
"TALL","TALL_2","Raw",16286,0,0.1063,0.1063,265207304,1,16285.6867,1731.4408
"TALL","TALL_2","Raw",16286,1,0.1063,0.1063,206682737.0184,0.8828,14376.9647,1528.6289
"TALL","TALL_2","Raw",16286,2,0.1063,0.1063,157017403.46,0.7694,12531.1586,1332.5022
"TALL","TALL_2","BrightnessNorm",16286,0,0.0701,0.0701,265207304,1,16285.6867,1142.4011
"TALL","TALL_2","BrightnessNorm",16286,1,0.0701,0.0701,184976954.0891,0.8351,13601.1233,954.2504
"TALL","TALL_2","BrightnessNorm",16286,2,0.0701,0.0701,114039963.7181,0.6557,10679.4496,749.4815
"TALL","TALL_2","VectorNorm",16286,0,0.0701,0.0701,265207304,1,16285.6867,1142.4011
"TALL","TALL_2","VectorNorm",16286,1,0.0701,0.0701,184976954.0891,0.8351,13601.1233,954.2504
"TALL","TALL_2","VectorNorm",16286,2,0.0701,0.0701,114039963.7181,0.6557,10679.4496,749.4815
"TALL","TALL_2","BrightVectorNorm",16286,0,0.0701,0.0701,265207304,1,16285.6867,1142.4011
"TALL","TALL_2","BrightVectorNorm",16286,1,0.0701,0.0701,184976954.0891,0.8351,13601.1233,954.2504
"TALL","TALL_2","BrightVectorNorm",16286,2,0.0701,0.0701,114039963.7181,0.6557,10679.4496,749.4815
"TEAK","TEAK_1","Raw",16934,0,0.1628,0.1628,286731834,1,16933.6578,2757.2129
"TEAK","TEAK_1","Raw",16934,1,0.1628,0.1628,222575992.871,0.881,14919.481,2429.3747
"TEAK","TEAK_1","Raw",16934,2,0.1628,0.1628,181340998.7483,0.7953,13466.7912,2192.9271
"TEAK","TEAK_1","BrightnessNorm",16934,0,0.2428,0.2428,286731834,1,16933.6578,4112.2372
"TEAK","TEAK_1","BrightnessNorm",16934,1,0.2428,0.2428,229944739.0017,0.8955,15164.4289,3682.6951
"TEAK","TEAK_1","BrightnessNorm",16934,2,0.2428,0.2428,198612295.2785,0.8323,14093.4875,3422.6866
"TEAK","TEAK_1","VectorNorm",16934,0,0.2428,0.2428,286731834,1,16933.6578,4112.2372
"TEAK","TEAK_1","VectorNorm",16934,1,0.2428,0.2428,229944739.0017,0.8955,15164.4289,3682.6951
"TEAK","TEAK_1","VectorNorm",16934,2,0.2428,0.2428,198612295.2785,0.8323,14093.4875,3422.6866
"TEAK","TEAK_1","BrightVectorNorm",16934,0,0.2428,0.2428,286731834,1,16933.6578,4112.2372
"TEAK","TEAK_1","BrightVectorNorm",16934,1,0.2428,0.2428,229944739.0017,0.8955,15164.4289,3682.6951
"TEAK","TEAK_1","BrightVectorNorm",16934,2,0.2428,0.2428,198612295.2785,0.8323,14093.4875,3422.6866
"TEAK","TEAK_2","Raw",16934,0,0.141,0.141,286732014,1,16933.6631,2388.1954
"TEAK","TEAK_2","Raw",16934,1,0.141,0.141,207969299.3645,0.8516,14421.6407,2034.0672
"TEAK","TEAK_2","Raw",16934,2,0.141,0.141,162057267.2981,0.7518,12730.6715,1795.6855
"TEAK","TEAK_2","BrightnessNorm",16934,0,0.236,0.236,286732014,1,16933.6631,3997.6522
"TEAK","TEAK_2","BrightnessNorm",16934,1,0.236,0.236,229176260.601,0.894,15139.0687,3574.0953
"TEAK","TEAK_2","BrightnessNorm",16934,2,0.236,0.236,197190040.3624,0.8293,14042.9371,3315.3883
"TEAK","TEAK_2","VectorNorm",16934,0,0.236,0.236,286732014,1,16933.6631,3997.6522
"TEAK","TEAK_2","VectorNorm",16934,1,0.236,0.236,229176260.601,0.894,15139.0687,3574.0953
"TEAK","TEAK_2","VectorNorm",16934,2,0.236,0.236,197190040.3624,0.8293,14042.9371,3315.3883
"TEAK","TEAK_2","BrightVectorNorm",16934,0,0.236,0.236,286732014,1,16933.6631,3997.6522
"TEAK","TEAK_2","BrightVectorNorm",16934,1,0.236,0.236,229176260.601,0.894,15139.0687,3574.0953
"TEAK","TEAK_2","BrightVectorNorm",16934,2,0.236,0.236,197190040.3624,0.8293,14042.9371,3315.3883
"TREE","TREE_1","Raw",1580,0,0.1562,0.1563,2493616,0.9998,1579.6188,247.8027
"TREE","TREE_1","Raw",1580,1,0.1562,0.1563,1991770.5434,0.8935,1411.8011,221.5825
"TREE","TREE_1","Raw",1580,2,0.1562,0.1563,1696841.5714,0.8248,1303.1288,204.6033
"TREE","TREE_1","BrightnessNorm",1580,0,0.1204,0.1205,2493616,0.9998,1579.6188,191.2006
"TREE","TREE_1","BrightnessNorm",1580,1,0.1204,0.1205,1901881.3451,0.8732,1379.5872,167.115
"TREE","TREE_1","BrightnessNorm",1580,2,0.1204,0.1205,1392560.5596,0.7472,1180.5681,143.1513
"TREE","TREE_1","VectorNorm",1580,0,0.1204,0.1205,2493616,0.9998,1579.6188,191.2006
"TREE","TREE_1","VectorNorm",1580,1,0.1204,0.1205,1901881.3451,0.8732,1379.5872,167.115
"TREE","TREE_1","VectorNorm",1580,2,0.1204,0.1205,1392560.5596,0.7472,1180.5681,143.1513
"TREE","TREE_1","BrightVectorNorm",1580,0,0.1204,0.1205,2493616,0.9998,1579.6188,191.2006
"TREE","TREE_1","BrightVectorNorm",1580,1,0.1204,0.1205,1901881.3451,0.8732,1379.5872,167.115
"TREE","TREE_1","BrightVectorNorm",1580,2,0.1204,0.1205,1392560.5596,0.7472,1180.5681,143.1513
"TREE","TREE_2","Raw",1580,0,0.1649,0.165,2493622,0.9998,1579.6207,261.4663
"TREE","TREE_2","Raw",1580,1,0.1649,0.165,1989289.3461,0.893,1410.9218,233.6493
"TREE","TREE_2","Raw",1580,2,0.1649,0.165,1691552.5312,0.8235,1301.0971,215.5401
"TREE","TREE_2","BrightnessNorm",1580,0,0.1264,0.1265,2493622,0.9998,1579.6207,200.665
"TREE","TREE_2","BrightnessNorm",1580,1,0.1264,0.1265,1928757.6671,0.8793,1389.2973,176.608
"TREE","TREE_2","BrightnessNorm",1580,2,0.1264,0.1265,1466443.134,0.7668,1211.468,154.1303
"TREE","TREE_2","VectorNorm",1580,0,0.1264,0.1265,2493622,0.9998,1579.6207,200.665
"TREE","TREE_2","VectorNorm",1580,1,0.1264,0.1265,1928757.6671,0.8793,1389.2973,176.608
"TREE","TREE_2","VectorNorm",1580,2,0.1264,0.1265,1466443.134,0.7668,1211.468,154.1303
"TREE","TREE_2","BrightVectorNorm",1580,0,0.1264,0.1265,2493622,0.9998,1579.6207,200.665
"TREE","TREE_2","BrightVectorNorm",1580,1,0.1264,0.1265,1928757.6671,0.8793,1389.2973,176.608
"TREE","TREE_2","BrightVectorNorm",1580,2,0.1264,0.1265,1466443.134,0.7668,1211.468,154.1303
"UKFS","UKFS_1","Raw",1780,0,0.1513,0.1514,3165418,0.9998,1779.6622,270.2393
"UKFS","UKFS_1","Raw",1780,1,0.1513,0.1514,2585512.7509,0.9036,1608.453,244.3376
"UKFS","UKFS_1","Raw",1780,2,0.1513,0.1514,2198798.0707,0.8333,1483.3346,225.4088
"UKFS","UKFS_1","BrightnessNorm",1780,0,0.2226,0.2227,3165418,0.9998,1779.6622,397.1904
"UKFS","UKFS_1","BrightnessNorm",1780,1,0.2226,0.2227,2512230.3152,0.8907,1585.5018,353.9661
"UKFS","UKFS_1","BrightnessNorm",1780,2,0.2226,0.2227,2146239.5182,0.8233,1465.505,327.2523
"UKFS","UKFS_1","VectorNorm",1780,0,0.2226,0.2227,3165418,0.9998,1779.6622,397.1904
"UKFS","UKFS_1","VectorNorm",1780,1,0.2226,0.2227,2512230.3152,0.8907,1585.5018,353.9661
"UKFS","UKFS_1","VectorNorm",1780,2,0.2226,0.2227,2146239.5182,0.8233,1465.505,327.2523
"UKFS","UKFS_1","BrightVectorNorm",1780,0,0.2226,0.2227,3165418,0.9998,1779.6622,397.1904
"UKFS","UKFS_1","BrightVectorNorm",1780,1,0.2226,0.2227,2512230.3152,0.8907,1585.5018,353.9661
"UKFS","UKFS_1","BrightVectorNorm",1780,2,0.2226,0.2227,2146239.5182,0.8233,1465.505,327.2523
"UKFS","UKFS_2","Raw",1780,0,0.1652,0.1653,3165410,0.9998,1779.66,295.0125
"UKFS","UKFS_2","Raw",1780,1,0.1652,0.1653,2634956.177,0.9122,1623.7549,269.2559
"UKFS","UKFS_2","Raw",1780,2,0.1652,0.1653,2285933.789,0.8497,1512.4306,250.8643
"UKFS","UKFS_2","BrightnessNorm",1780,0,0.2043,0.2044,3165410,0.9998,1779.66,364.6125
"UKFS","UKFS_2","BrightnessNorm",1780,1,0.2043,0.2044,2553700.4601,0.8981,1598.5303,327.6049
"UKFS","UKFS_2","BrightnessNorm",1780,2,0.2043,0.2044,2190063.1989,0.8317,1480.3863,303.4662
"UKFS","UKFS_2","VectorNorm",1780,0,0.2043,0.2044,3165410,0.9998,1779.66,364.6125
"UKFS","UKFS_2","VectorNorm",1780,1,0.2043,0.2044,2553700.4601,0.8981,1598.5303,327.6049
"UKFS","UKFS_2","VectorNorm",1780,2,0.2043,0.2044,2190063.1989,0.8317,1480.3863,303.4662
"UKFS","UKFS_2","BrightVectorNorm",1780,0,0.2043,0.2044,3165410,0.9998,1779.66,364.6125
"UKFS","UKFS_2","BrightVectorNorm",1780,1,0.2043,0.2044,2553700.4601,0.8981,1598.5303,327.6049
"UKFS","UKFS_2","BrightVectorNorm",1780,2,0.2043,0.2044,2190063.1989,0.8317,1480.3863,303.4662
"UNDE","UNDE","Raw",10673,0,0.1868,0.1868,113893488,1,10672.5892,1994.5725
"UNDE","UNDE","Raw",10673,1,0.1868,0.1868,86368220.7726,0.8708,9293.9504,1737.0515
"UNDE","UNDE","Raw",10673,2,0.1868,0.1868,69826252.8952,0.783,8356.7105,1561.981
"UNDE","UNDE","BrightnessNorm",10673,0,0.3132,0.3132,113893488,1,10672.5892,3343.2975
"UNDE","UNDE","BrightnessNorm",10673,1,0.3132,0.3132,88533662.1598,0.8816,9409.7328,2947.8132
"UNDE","UNDE","BrightnessNorm",10673,2,0.3132,0.3132,76821054.6782,0.8213,8765.2621,2745.9865
"UNDE","UNDE","VectorNorm",10673,0,0.3132,0.3132,113893488,1,10672.5892,3343.2975
"UNDE","UNDE","VectorNorm",10673,1,0.3132,0.3132,88533662.1598,0.8816,9409.7328,2947.8132
"UNDE","UNDE","VectorNorm",10673,2,0.3132,0.3132,76821054.6782,0.8213,8765.2621,2745.9865
"UNDE","UNDE","BrightVectorNorm",10673,0,0.3132,0.3132,113893488,1,10672.5892,3343.2975
"UNDE","UNDE","BrightVectorNorm",10673,1,0.3132,0.3132,88533662.1598,0.8816,9409.7328,2947.8132
"UNDE","UNDE","BrightVectorNorm",10673,2,0.3132,0.3132,76821054.6782,0.8213,8765.2621,2745.9865
"WOOD","WOOD_1","Raw",3751,0,0.2245,0.2246,14063194,0.9999,3750.5926,843.069
"WOOD","WOOD_1","Raw",3751,1,0.2245,0.2246,10573946.007,0.867,3252.2605,731.1854
"WOOD","WOOD_1","Raw",3751,2,0.2245,0.2246,8464830.6179,0.7758,2909.9382,654.3284
"WOOD","WOOD_1","BrightnessNorm",3751,0,0.2481,0.2482,14063194,0.9999,3750.5926,931.5927
"WOOD","WOOD_1","BrightnessNorm",3751,1,0.2481,0.2482,11520489.7018,0.905,3394.6847,843.2853
"WOOD","WOOD_1","BrightnessNorm",3751,2,0.2481,0.2482,9686639.8543,0.8299,3112.8368,773.3535
"WOOD","WOOD_1","VectorNorm",3751,0,0.2481,0.2482,14063194,0.9999,3750.5926,931.5927
"WOOD","WOOD_1","VectorNorm",3751,1,0.2481,0.2482,11520489.7018,0.905,3394.6847,843.2853
"WOOD","WOOD_1","VectorNorm",3751,2,0.2481,0.2482,9686639.8543,0.8299,3112.8368,773.3535
"WOOD","WOOD_1","BrightVectorNorm",3751,0,0.2481,0.2482,14063194,0.9999,3750.5926,931.5927
"WOOD","WOOD_1","BrightVectorNorm",3751,1,0.2481,0.2482,11520489.7018,0.905,3394.6847,843.2853
"WOOD","WOOD_1","BrightVectorNorm",3751,2,0.2481,0.2482,9686639.8543,0.8299,3112.8368,773.3535
"WOOD","WOOD_2","Raw",3751,0,0.2093,0.2093,14063130,0.9999,3750.584,785.884
"WOOD","WOOD_2","Raw",3751,1,0.2093,0.2093,10156286.356,0.8497,3187.3929,668.0251
"WOOD","WOOD_2","Raw",3751,2,0.2093,0.2093,7901441.9753,0.7495,2811.4504,589.3517
"WOOD","WOOD_2","BrightnessNorm",3751,0,0.1693,0.1694,14063130,0.9999,3750.584,636.0119
"WOOD","WOOD_2","BrightnessNorm",3751,1,0.1693,0.1694,9788683.4446,0.8342,3129.1872,530.8031
"WOOD","WOOD_2","BrightnessNorm",3751,2,0.1693,0.1694,7194774.6466,0.7152,2682.8078,455.2265
"WOOD","WOOD_2","VectorNorm",3751,0,0.1693,0.1694,14063130,0.9999,3750.584,636.0119
"WOOD","WOOD_2","VectorNorm",3751,1,0.1693,0.1694,9788683.4446,0.8342,3129.1872,530.8031
"WOOD","WOOD_2","VectorNorm",3751,2,0.1693,0.1694,7194774.6466,0.7152,2682.8078,455.2265
"WOOD","WOOD_2","BrightVectorNorm",3751,0,0.1693,0.1694,14063130,0.9999,3750.584,636.0119
"WOOD","WOOD_2","BrightVectorNorm",3751,1,0.1693,0.1694,9788683.4446,0.8342,3129.1872,530.8031
"WOOD","WOOD_2","BrightVectorNorm",3751,2,0.1693,0.1694,7194774.6466,0.7152,2682.8078,455.2265
"WREF","WREF_1","Raw",15151,0,0.15,0.15,229523066,1,15150.5187,2272.9904
"WREF","WREF_1","Raw",15151,1,0.15,0.15,188005818.3034,0.905,13712.0214,2057.2716
"WREF","WREF_1","Raw",15151,2,0.15,0.15,160949045.9848,0.8374,12687.0695,1903.5685
"WREF","WREF_1","BrightnessNorm",15151,0,0.0995,0.0995,229523066,1,15150.5187,1509.0868
"WREF","WREF_1","BrightnessNorm",15151,1,0.0995,0.0995,177673994.2565,0.8798,13329.9409,1327.866
"WREF","WREF_1","BrightnessNorm",15151,2,0.0995,0.0995,143347970.9096,0.7903,11973.3013,1192.8257
"WREF","WREF_1","VectorNorm",15151,0,0.0995,0.0995,229523066,1,15150.5187,1509.0868
"WREF","WREF_1","VectorNorm",15151,1,0.0995,0.0995,177673994.2565,0.8798,13329.9409,1327.866
"WREF","WREF_1","VectorNorm",15151,2,0.0995,0.0995,143347970.9096,0.7903,11973.3013,1192.8257
"WREF","WREF_1","BrightVectorNorm",15151,0,0.0995,0.0995,229523066,1,15150.5187,1509.0868
"WREF","WREF_1","BrightVectorNorm",15151,1,0.0995,0.0995,177673994.2565,0.8798,13329.9409,1327.866
"WREF","WREF_1","BrightVectorNorm",15151,2,0.0995,0.0995,143347970.9096,0.7903,11973.3013,1192.8257
"WREF","WREF_2","Raw",15151,0,0.1631,0.1632,229525690,1,15150.6053,2472.688
"WREF","WREF_2","Raw",15151,1,0.1631,0.1632,177301539.7546,0.8789,13315.9624,2173.3822
"WREF","WREF_2","Raw",15151,2,0.1631,0.1632,148595018.5229,0.8046,12190.4557,1989.7656
"WREF","WREF_2","BrightnessNorm",15151,0,0.1071,0.1071,229525690,1,15150.6053,1623.8684
"WREF","WREF_2","BrightnessNorm",15151,1,0.1071,0.1071,188309266.6011,0.9058,13723.0824,1470.9582
"WREF","WREF_2","BrightnessNorm",15151,2,0.1071,0.1071,158269235.2823,0.8304,12581.0101,1348.6243
"WREF","WREF_2","VectorNorm",15151,0,0.1071,0.1071,229525690,1,15150.6053,1623.8684
"WREF","WREF_2","VectorNorm",15151,1,0.1071,0.1071,188309266.6011,0.9058,13723.0824,1470.9582
"WREF","WREF_2","VectorNorm",15151,2,0.1071,0.1071,158269235.2823,0.8304,12581.0101,1348.6243
"WREF","WREF_2","BrightVectorNorm",15151,0,0.1071,0.1071,229525690,1,15150.6053,1623.8684
"WREF","WREF_2","BrightVectorNorm",15151,1,0.1071,0.1071,188309266.6011,0.9058,13723.0824,1470.9582
"WREF","WREF_2","BrightVectorNorm",15151,2,0.1071,0.1071,158269235.2823,0.8304,12581.0101,1348.6243
"YELL","YELL","Raw",26392,0,0.2241,0.2241,696488438,1,26391.5674,5915.8662
"YELL","YELL","Raw",26392,1,0.2241,0.2241,553406649.5122,0.8914,23525.0967,5273.4341
"YELL","YELL","Raw",26392,2,0.2241,0.2241,478029793.1457,0.8284,21864.3925,4901.2378
"YELL","YELL","BrightnessNorm",26392,0,0.1638,0.1638,696488438,1,26391.5674,4324.223
"YELL","YELL","BrightnessNorm",26392,1,0.1638,0.1638,497640117.1423,0.8453,22308.3488,3655.3478
"YELL","YELL","BrightnessNorm",26392,2,0.1638,0.1638,393432931.5336,0.7516,19835.6439,3250.2921
"YELL","YELL","VectorNorm",26392,0,0.1638,0.1638,696488438,1,26391.5674,4324.223
"YELL","YELL","VectorNorm",26392,1,0.1638,0.1638,497640117.1423,0.8453,22308.3488,3655.3478
"YELL","YELL","VectorNorm",26392,2,0.1638,0.1638,393432931.5336,0.7516,19835.6439,3250.2921
"YELL","YELL","BrightVectorNorm",26392,0,0.1638,0.1638,696488438,1,26391.5674,4324.223
"YELL","YELL","BrightVectorNorm",26392,1,0.1638,0.1638,497640117.1423,0.8453,22308.3488,3655.3478
"YELL","YELL","BrightVectorNorm",26392,2,0.1638,0.1638,393432931.5336,0.7516,19835.6439,3250.2921
