"siteID","file_id","variant","n_comm","M_beta","Ht_beta","qDT_beta","qDTM_beta"
"ABBY","ABBY_1","Raw",10294,0.1243,73395016.9101,8567.5892,1066.3756
"ABBY","ABBY_1","BrightnessNorm",10294,0.2263,78779451.9605,8876.279,2009.2825
"ABBY","ABBY_1","VectorNorm",10294,0.2263,78779451.9605,8876.279,2009.2825
"ABBY","ABBY_1","BrightVectorNorm",10294,0.2263,78779451.9605,8876.279,2009.2825
"ABBY","ABBY_2","Raw",10294,0.2133,86239188.6146,9287.0057,1982.0088
"ABBY","ABBY_2","BrightnessNorm",10294,0.1868,77209456.9158,8787.3912,1642.214
"ABBY","ABBY_2","VectorNorm",10294,0.1868,77209456.9158,8787.3912,1642.214
"ABBY","ABBY_2","BrightVectorNorm",10294,0.1868,77209456.9158,8787.3912,1642.214
"BART","BART","Raw",5458,0.1247,21048917.3613,4588.4099,573.0926
"BART","BART","BrightnessNorm",5458,0.1364,15843609.7405,3980.9032,543.9978
"BART","BART","VectorNorm",5458,0.1364,15843609.7405,3980.9032,543.9978
"BART","BART","BrightVectorNorm",5458,0.1364,15843609.7405,3980.9032,543.9978
"BLAN","BLAN","Raw",1682,0.2323,2409402.6667,1552.7252,361.7574
"BLAN","BLAN","BrightnessNorm",1682,0.1752,2184173.729,1478.3951,260.0628
"BLAN","BLAN","VectorNorm",1682,0.1752,2184173.729,1478.3951,260.0628
"BLAN","BLAN","BrightVectorNorm",1682,0.1752,2184173.729,1478.3951,260.0628
"CLBJ","CLBJ","Raw",12106,0.1091,113571768.2814,10657.5056,1163.2118
"CLBJ","CLBJ","BrightnessNorm",12106,0.1773,115097847.6122,10728.8665,1902.7594
"CLBJ","CLBJ","VectorNorm",12106,0.1773,115097847.6122,10728.8665,1902.7594
"CLBJ","CLBJ","BrightVectorNorm",12106,0.1773,115097847.6122,10728.8665,1902.7594
"CPER","CPER","Raw",22421,0.1728,409566583.4167,20238.2514,3498.8644
"CPER","CPER","BrightnessNorm",22421,0.1537,427909980.8354,20686.4851,3180.7911
"CPER","CPER","VectorNorm",22421,0.1537,427909980.8354,20686.4851,3180.7911
"CPER","CPER","BrightVectorNorm",22421,0.1537,427909980.8354,20686.4851,3180.7911
"DCFS","DCFS","Raw",2516,0.1991,3867245.9197,1967.0315,392.72
"DCFS","DCFS","BrightnessNorm",2516,0.1343,3460383.8494,1860.7108,250.8834
"DCFS","DCFS","VectorNorm",2516,0.1343,3460383.8494,1860.7108,250.8834
"DCFS","DCFS","BrightVectorNorm",2516,0.1343,3460383.8494,1860.7108,250.8834
"DELA","DELA","Raw",1092,0.1249,702483.8756,838.6433,105.7628
"DELA","DELA","BrightnessNorm",1092,0.1517,586957.7084,766.6318,117.2883
"DELA","DELA","VectorNorm",1092,0.1517,586957.7084,766.6318,117.2883
"DELA","DELA","BrightVectorNorm",1092,0.1517,586957.7084,766.6318,117.2883
"DSNY","DSNY_1","Raw",14327,0.1069,147649516.2938,12151.6117,1299.9275
"DSNY","DSNY_1","BrightnessNorm",14327,0.1934,161494863.1459,12708.5629,2458.2825
"DSNY","DSNY_1","VectorNorm",14327,0.1934,161494863.1459,12708.5629,2458.2825
"DSNY","DSNY_1","BrightVectorNorm",14327,0.1934,161494863.1459,12708.5629,2458.2825
"DSNY","DSNY_2","Raw",14327,0.1087,137535511.475,11728.0535,1275.9758
"DSNY","DSNY_2","BrightnessNorm",14327,0.2323,155441953.6277,12468.1363,2896.971
"DSNY","DSNY_2","VectorNorm",14327,0.2323,155441953.6277,12468.1363,2896.971
"DSNY","DSNY_2","BrightVectorNorm",14327,0.2323,155441953.6277,12468.1363,2896.971
"GRSM","GRSM_1","Raw",8132,0.178,52636642.3048,7255.6115,1292.4408
"GRSM","GRSM_1","BrightnessNorm",8132,0.1788,52528695.4436,7248.1683,1296.7928
"GRSM","GRSM_1","VectorNorm",8132,0.1788,52528695.4436,7248.1683,1296.7928
"GRSM","GRSM_1","BrightVectorNorm",8132,0.1788,52528695.4436,7248.1683,1296.7928
"GRSM","GRSM_2","Raw",8132,0.1116,38437601.6794,6200.3066,693.2189
"GRSM","GRSM_2","BrightnessNorm",8132,0.1614,34159244.9109,5845.0911,944.6175
"GRSM","GRSM_2","VectorNorm",8132,0.1614,34159244.9109,5845.0911,944.6175
"GRSM","GRSM_2","BrightVectorNorm",8132,0.1614,34159244.9109,5845.0911,944.6175
"GUAN","GUAN_1","Raw",7594,0.1348,46986788.1957,6855.191,924.8789
"GUAN","GUAN_1","BrightnessNorm",7594,0.1489,44960681.1858,6705.7727,999.349
"GUAN","GUAN_1","VectorNorm",7594,0.1489,44960681.1858,6705.7727,999.349
"GUAN","GUAN_1","BrightVectorNorm",7594,0.1489,44960681.1858,6705.7727,999.349
"GUAN","GUAN_2","Raw",7594,0.1678,46914640.355,6849.9263,1150.6009
"GUAN","GUAN_2","BrightnessNorm",7594,0.1795,44268862.7196,6653.985,1195.5979
"GUAN","GUAN_2","VectorNorm",7594,0.1795,44268862.7196,6653.985,1195.5979
"GUAN","GUAN_2","BrightVectorNorm",7594,0.1795,44268862.7196,6653.985,1195.5979
"HARV","HARV","Raw",12328,0.1104,116797910.2892,10807.8082,1194.2555
"HARV","HARV","BrightnessNorm",12328,0.073,123703993.0926,11122.7297,812.4111
"HARV","HARV","VectorNorm",12328,0.073,123703993.0926,11122.7297,812.4111
"HARV","HARV","BrightVectorNorm",12328,0.073,123703993.0926,11122.7297,812.4111
"JERC","JERC_1","Raw",3906,0.1682,11265514.4356,3356.914,565.5077
"JERC","JERC_1","BrightnessNorm",3906,0.2704,12886810.2257,3590.3204,971.8956
"JERC","JERC_1","VectorNorm",3906,0.2704,12886810.2257,3590.3204,971.8956
"JERC","JERC_1","BrightVectorNorm",3906,0.2704,12886810.2257,3590.3204,971.8956
"JERC","JERC_2","Raw",3906,0.1769,12205933.28,3494.1991,619.0279
"JERC","JERC_2","BrightnessNorm",3906,0.2208,11810028.4133,3437.0722,759.814
"JERC","JERC_2","VectorNorm",3906,0.2208,11810028.4133,3437.0722,759.814
"JERC","JERC_2","BrightVectorNorm",3906,0.2208,11810028.4133,3437.0722,759.814
"JORN","JORN_1","Raw",14298,0.0992,166602871.1716,12907.9735,1281.4942
"JORN","JORN_1","BrightnessNorm",14298,0.0874,177000094.3916,13304.6383,1164.1475
"JORN","JORN_1","VectorNorm",14298,0.0874,177000094.3916,13304.6383,1164.1475
"JORN","JORN_1","BrightVectorNorm",14298,0.0874,177000094.3916,13304.6383,1164.1475
"JORN","JORN_2","Raw",14298,0.1086,164929226.2415,12842.9774,1396.0571
"JORN","JORN_2","BrightnessNorm",14298,0.0662,179848594.3998,13411.2641,889.1978
"JORN","JORN_2","VectorNorm",14298,0.0662,179848594.3998,13411.2641,889.1978
"JORN","JORN_2","BrightVectorNorm",14298,0.0662,179848594.3998,13411.2641,889.1978
"KONA","KONA_1","Raw",427,0.2781,156041.2339,395.5209,111.0098
"KONA","KONA_1","BrightnessNorm",427,0.3501,141083.3638,376.111,132.691
"KONA","KONA_1","VectorNorm",427,0.3501,141083.3638,376.111,132.691
"KONA","KONA_1","BrightVectorNorm",427,0.3501,141083.3638,376.111,132.691
"KONA","KONA_2","Raw",427,0.358,160943.9033,401.6785,144.8104
"KONA","KONA_2","BrightnessNorm",427,0.415,157538.814,397.4119,165.9307
"KONA","KONA_2","VectorNorm",427,0.415,157538.814,397.4119,165.9307
"KONA","KONA_2","BrightVectorNorm",427,0.415,157538.814,397.4119,165.9307
"KONZ","KONZ","Raw",11518,0.1527,109852612.4428,10481.5597,1601.332
"KONZ","KONZ","BrightnessNorm",11518,0.1262,101389136.8804,10069.7173,1271.3498
"KONZ","KONZ","VectorNorm",11518,0.1262,101389136.8804,10069.7173,1271.3498
"KONZ","KONZ","BrightVectorNorm",11518,0.1262,101389136.8804,10069.7173,1271.3498
"LAJA","LAJA","Raw",1060,0.2517,895856.5566,946.9971,239.3973
"LAJA","LAJA","BrightnessNorm",1060,0.257,875192.4727,936.0174,241.5532
"LAJA","LAJA","VectorNorm",1060,0.257,875192.4727,936.0174,241.5532
"LAJA","LAJA","BrightVectorNorm",1060,0.257,875192.4727,936.0174,241.5532
"LENO","LENO_1","Raw",2032,0.1597,3306754.358,1818.9484,291.497
"LENO","LENO_1","BrightnessNorm",2032,0.1072,2983944.4789,1727.9098,186.2299
"LENO","LENO_1","VectorNorm",2032,0.1072,2983944.4789,1727.9098,186.2299
"LENO","LENO_1","BrightVectorNorm",2032,0.1072,2983944.4789,1727.9098,186.2299
"LENO","LENO_2","Raw",2032,0.1355,3280588.0576,1811.7394,246.4107
"LENO","LENO_2","BrightnessNorm",2032,0.1614,3549949.1613,1884.6309,305.2443
"LENO","LENO_2","VectorNorm",2032,0.1614,3549949.1613,1884.6309,305.2443
"LENO","LENO_2","BrightVectorNorm",2032,0.1614,3549949.1613,1884.6309,305.2443
"MLBS","MLBS","Raw",3252,0.0873,6082419.8381,2466.7563,216.3884
"MLBS","MLBS","BrightnessNorm",3252,0.1254,5680143.3906,2383.8052,299.8447
"MLBS","MLBS","VectorNorm",3252,0.1254,5680143.3906,2383.8052,299.8447
"MLBS","MLBS","BrightVectorNorm",3252,0.1254,5680143.3906,2383.8052,299.8447
"MOAB","MOAB_1","Raw",16210,0.1563,206288807.7535,14363.2577,2246.2659
"MOAB","MOAB_1","BrightnessNorm",16210,0.147,230314313.7761,15176.61,2231.678
"MOAB","MOAB_1","VectorNorm",16210,0.147,230314313.7761,15176.61,2231.678
"MOAB","MOAB_1","BrightVectorNorm",16210,0.147,230314313.7761,15176.61,2231.678
"MOAB","MOAB_2","Raw",16210,0.1421,205154803.872,14323.726,2036.2947
"MOAB","MOAB_2","BrightnessNorm",16210,0.1019,228584854.14,15119.5229,1542.3737
"MOAB","MOAB_2","VectorNorm",16210,0.1019,228584854.14,15119.5229,1542.3737
"MOAB","MOAB_2","BrightVectorNorm",16210,0.1019,228584854.14,15119.5229,1542.3737
"NIWO","NIWO_1","Raw",4324,0.3362,15307125.3692,3912.9322,1316.5539
"NIWO","NIWO_1","BrightnessNorm",4324,0.2631,14762462.8572,3842.6951,1011.8365
"NIWO","NIWO_1","VectorNorm",4324,0.2631,14762462.8572,3842.6951,1011.8365
"NIWO","NIWO_1","BrightVectorNorm",4324,0.2631,14762462.8572,3842.6951,1011.8365
"NIWO","NIWO_2","Raw",4324,0.1673,14599685.8563,3821.4536,640.1697
"NIWO","NIWO_2","BrightnessNorm",4324,0.3548,15370906.1499,3921.0748,1392.1269
"NIWO","NIWO_2","VectorNorm",4324,0.3548,15370906.1499,3921.0748,1392.1269
"NIWO","NIWO_2","BrightVectorNorm",4324,0.3548,15370906.1499,3921.0748,1392.1269
"OAES","OAES_1","Raw",1719,0.1516,2395667.4471,1548.2945,235.7505
"OAES","OAES_1","BrightnessNorm",1719,0.1703,2188116.172,1479.7283,252.9338
"OAES","OAES_1","VectorNorm",1719,0.1703,2188116.172,1479.7283,252.9338
"OAES","OAES_1","BrightVectorNorm",1719,0.1703,2188116.172,1479.7283,252.9338
"OAES","OAES_2","Raw",1719,0.1873,2449611.9663,1565.6237,294.2162
"OAES","OAES_2","BrightnessNorm",1719,0.1646,2221274.9755,1490.8943,246.3765
"OAES","OAES_2","VectorNorm",1719,0.1646,2221274.9755,1490.8943,246.3765
"OAES","OAES_2","BrightVectorNorm",1719,0.1646,2221274.9755,1490.8943,246.3765
"ONAQ","ONAQ_1","Raw",23314,0.0988,419406107.2771,20479.9069,2024.3694
"ONAQ","ONAQ_1","BrightnessNorm",23314,0.0947,399236997.1454,19981.4158,1893.3383
"ONAQ","ONAQ_1","VectorNorm",23314,0.0947,399236997.1454,19981.4158,1893.3383
"ONAQ","ONAQ_1","BrightVectorNorm",23314,0.0947,399236997.1454,19981.4158,1893.3383
"ONAQ","ONAQ_2","Raw",23314,0.171,408790117.3409,20219.0587,3458.4458
"ONAQ","ONAQ_2","BrightnessNorm",23314,0.1875,411962109.13,20297.3497,3807.2273
"ONAQ","ONAQ_2","VectorNorm",23314,0.1875,411962109.13,20297.3497,3807.2273
"ONAQ","ONAQ_2","BrightVectorNorm",23314,0.1875,411962109.13,20297.3497,3807.2273
"ORNL","ORNL","Raw",17516,0.1679,217122326.5263,14735.5713,2474.3983
"ORNL","ORNL","BrightnessNorm",17516,0.1149,176304790.1616,13278.4814,1526.7683
"ORNL","ORNL","VectorNorm",17516,0.1149,176304790.1616,13278.4814,1526.7683
"ORNL","ORNL","BrightVectorNorm",17516,0.1149,176304790.1616,13278.4814,1526.7683
"RMNP","RMNP_1","Raw",15096,0.1987,177233222.1884,13313.3968,2645.7918
"RMNP","RMNP_1","BrightnessNorm",15096,0.2509,179343806.8626,13392.4307,3361.0481
"RMNP","RMNP_1","VectorNorm",15096,0.2509,179343806.8626,13392.4307,3361.0481
"RMNP","RMNP_1","BrightVectorNorm",15096,0.2509,179343806.8626,13392.4307,3361.0481
"RMNP","RMNP_2","Raw",15096,0.177,177894553.217,13338.2117,2361.8173
"RMNP","RMNP_2","BrightnessNorm",15096,0.2634,182161034.4195,13497.2046,3555.7311
"RMNP","RMNP_2","VectorNorm",15096,0.2634,182161034.4195,13497.2046,3555.7311
"RMNP","RMNP_2","BrightVectorNorm",15096,0.2634,182161034.4195,13497.2046,3555.7311
"SCBI","SCBI_1","Raw",2839,0.1912,6109204.7495,2472.1806,473.7568
"SCBI","SCBI_1","BrightnessNorm",2839,0.1444,4129425.9293,2032.599,294.5474
"SCBI","SCBI_1","VectorNorm",2839,0.1444,4129425.9293,2032.599,294.5474
"SCBI","SCBI_1","BrightVectorNorm",2839,0.1444,4129425.9293,2032.599,294.5474
"SCBI","SCBI_2","Raw",2839,0.0921,4276918.5016,2068.5713,191.5678
"SCBI","SCBI_2","BrightnessNorm",2839,0.1953,5064975.8883,2251.0502,440.7006
"SCBI","SCBI_2","VectorNorm",2839,0.1953,5064975.8883,2251.0502,440.7006
"SCBI","SCBI_2","BrightVectorNorm",2839,0.1953,5064975.8883,2251.0502,440.7006
"SERC","SERC","Raw",2852,0.1422,5990776.3442,2448.1063,349.0886
"SERC","SERC","BrightnessNorm",2852,0.1133,4466299.6608,2113.8622,240.4273
"SERC","SERC","VectorNorm",2852,0.1133,4466299.6608,2113.8622,240.4273
"SERC","SERC","BrightVectorNorm",2852,0.1133,4466299.6608,2113.8622,240.4273
"SJER","SJER","Raw",5743,0.1807,26145681.0705,5113.7848,925.0681
"SJER","SJER","BrightnessNorm",5743,0.187,28066568.8363,5298.2891,992.0247
"SJER","SJER","VectorNorm",5743,0.187,28066568.8363,5298.2891,992.0247
"SJER","SJER","BrightVectorNorm",5743,0.187,28066568.8363,5298.2891,992.0247
"SOAP","SOAP_1","Raw",1669,0.1793,2286558.864,1512.6373,272.2477
"SOAP","SOAP_1","BrightnessNorm",1669,0.1854,2136950.9515,1462.3315,272.0521
"SOAP","SOAP_1","VectorNorm",1669,0.1854,2136950.9515,1462.3315,272.0521
"SOAP","SOAP_1","BrightVectorNorm",1669,0.1854,2136950.9515,1462.3315,272.0521
"SOAP","SOAP_2","Raw",1669,0.2411,2195369.2721,1482.1779,358.3833
"SOAP","SOAP_2","BrightnessNorm",1669,0.2278,2224693.8804,1492.0409,340.945
"SOAP","SOAP_2","VectorNorm",1669,0.2278,2224693.8804,1492.0409,340.945
"SOAP","SOAP_2","BrightVectorNorm",1669,0.2278,2224693.8804,1492.0409,340.945
"STER","STER","Raw",918,0.3262,693351.3121,833.1773,272.8156
"STER","STER","BrightnessNorm",918,0.3008,660356.4472,813.1233,245.5561
"STER","STER","VectorNorm",918,0.3008,660356.4472,813.1233,245.5561
"STER","STER","BrightVectorNorm",918,0.3008,660356.4472,813.1233,245.5561
"TALL","TALL_1","Raw",16286,0.1137,209086925.0025,14460.3384,1645.6736
"TALL","TALL_1","BrightnessNorm",16286,0.089,194482365.1747,13946.1934,1242.6956
"TALL","TALL_1","VectorNorm",16286,0.089,194482365.1747,13946.1934,1242.6956
"TALL","TALL_1","BrightVectorNorm",16286,0.089,194482365.1747,13946.1934,1242.6956
"TALL","TALL_2","Raw",16286,0.1063,206682737.0184,14376.9647,1528.6289
"TALL","TALL_2","BrightnessNorm",16286,0.0701,184976954.0891,13601.1233,954.2504
"TALL","TALL_2","VectorNorm",16286,0.0701,184976954.0891,13601.1233,954.2504
"TALL","TALL_2","BrightVectorNorm",16286,0.0701,184976954.0891,13601.1233,954.2504
"TEAK","TEAK_1","Raw",16934,0.1628,222575992.871,14919.481,2429.3747
"TEAK","TEAK_1","BrightnessNorm",16934,0.2428,229944739.0017,15164.4289,3682.6951
"TEAK","TEAK_1","VectorNorm",16934,0.2428,229944739.0017,15164.4289,3682.6951
"TEAK","TEAK_1","BrightVectorNorm",16934,0.2428,229944739.0017,15164.4289,3682.6951
"TEAK","TEAK_2","Raw",16934,0.141,207969299.3645,14421.6407,2034.0672
"TEAK","TEAK_2","BrightnessNorm",16934,0.236,229176260.601,15139.0687,3574.0953
"TEAK","TEAK_2","VectorNorm",16934,0.236,229176260.601,15139.0687,3574.0953
"TEAK","TEAK_2","BrightVectorNorm",16934,0.236,229176260.601,15139.0687,3574.0953
"TREE","TREE_1","Raw",1580,0.1562,1991770.5434,1411.8011,221.5825
"TREE","TREE_1","BrightnessNorm",1580,0.1204,1901881.3451,1379.5872,167.115
"TREE","TREE_1","VectorNorm",1580,0.1204,1901881.3451,1379.5872,167.115
"TREE","TREE_1","BrightVectorNorm",1580,0.1204,1901881.3451,1379.5872,167.115
"TREE","TREE_2","Raw",1580,0.1649,1989289.3461,1410.9218,233.6493
"TREE","TREE_2","BrightnessNorm",1580,0.1264,1928757.6671,1389.2973,176.608
"TREE","TREE_2","VectorNorm",1580,0.1264,1928757.6671,1389.2973,176.608
"TREE","TREE_2","BrightVectorNorm",1580,0.1264,1928757.6671,1389.2973,176.608
"UKFS","UKFS_1","Raw",1780,0.1513,2585512.7509,1608.453,244.3376
"UKFS","UKFS_1","BrightnessNorm",1780,0.2226,2512230.3152,1585.5018,353.9661
"UKFS","UKFS_1","VectorNorm",1780,0.2226,2512230.3152,1585.5018,353.9661
"UKFS","UKFS_1","BrightVectorNorm",1780,0.2226,2512230.3152,1585.5018,353.9661
"UKFS","UKFS_2","Raw",1780,0.1652,2634956.177,1623.7549,269.2559
"UKFS","UKFS_2","BrightnessNorm",1780,0.2043,2553700.4601,1598.5303,327.6049
"UKFS","UKFS_2","VectorNorm",1780,0.2043,2553700.4601,1598.5303,327.6049
"UKFS","UKFS_2","BrightVectorNorm",1780,0.2043,2553700.4601,1598.5303,327.6049
"UNDE","UNDE","Raw",10673,0.1868,86368220.7726,9293.9504,1737.0515
"UNDE","UNDE","BrightnessNorm",10673,0.3132,88533662.1598,9409.7328,2947.8132
"UNDE","UNDE","VectorNorm",10673,0.3132,88533662.1598,9409.7328,2947.8132
"UNDE","UNDE","BrightVectorNorm",10673,0.3132,88533662.1598,9409.7328,2947.8132
"WOOD","WOOD_1","Raw",3751,0.2245,10573946.007,3252.2605,731.1854
"WOOD","WOOD_1","BrightnessNorm",3751,0.2481,11520489.7018,3394.6847,843.2853
"WOOD","WOOD_1","VectorNorm",3751,0.2481,11520489.7018,3394.6847,843.2853
"WOOD","WOOD_1","BrightVectorNorm",3751,0.2481,11520489.7018,3394.6847,843.2853
"WOOD","WOOD_2","Raw",3751,0.2093,10156286.356,3187.3929,668.0251
"WOOD","WOOD_2","BrightnessNorm",3751,0.1693,9788683.4446,3129.1872,530.8031
"WOOD","WOOD_2","VectorNorm",3751,0.1693,9788683.4446,3129.1872,530.8031
"WOOD","WOOD_2","BrightVectorNorm",3751,0.1693,9788683.4446,3129.1872,530.8031
"WREF","WREF_1","Raw",15151,0.15,188005818.3034,13712.0214,2057.2716
"WREF","WREF_1","BrightnessNorm",15151,0.0995,177673994.2565,13329.9409,1327.866
"WREF","WREF_1","VectorNorm",15151,0.0995,177673994.2565,13329.9409,1327.866
"WREF","WREF_1","BrightVectorNorm",15151,0.0995,177673994.2565,13329.9409,1327.866
"WREF","WREF_2","Raw",15151,0.1631,177301539.7546,13315.9624,2173.3822
"WREF","WREF_2","BrightnessNorm",15151,0.1071,188309266.6011,13723.0824,1470.9582
"WREF","WREF_2","VectorNorm",15151,0.1071,188309266.6011,13723.0824,1470.9582
"WREF","WREF_2","BrightVectorNorm",15151,0.1071,188309266.6011,13723.0824,1470.9582
"YELL","YELL","Raw",26392,0.2241,553406649.5122,23525.0967,5273.4341
"YELL","YELL","BrightnessNorm",26392,0.1638,497640117.1423,22308.3488,3655.3478
"YELL","YELL","VectorNorm",26392,0.1638,497640117.1423,22308.3488,3655.3478
"YELL","YELL","BrightVectorNorm",26392,0.1638,497640117.1423,22308.3488,3655.3478
