"siteID","TD_Richness_Layered","TD_Shannon_Eff_Layered","TD_Simpson_Eff_Layered","TD_Beta_Bray_Layered","TD_Beta_Dispersion_Layered","PD_Faith_Layered","PD_Beta_Sorensen_Layered","PD_Beta_Dispersion_Layered","FD_FDis_m1_Layered","FD_RaoQ_m1_Layered","FD_Beta_Dispersion_m1_Layered","FD_Beta_Turnover_m1_Layered","FD_FDis_m2_Layered","FD_RaoQ_m2_Layered","FD_Beta_Dispersion_m2_Layered","FD_Beta_Turnover_m2_Layered","TD_Richness_TopDown","TD_Shannon_Eff_TopDown","TD_Simpson_Eff_TopDown","TD_Beta_Bray_TopDown","TD_Beta_Dispersion_TopDown","PD_Faith_TopDown","PD_Beta_Sorensen_TopDown","PD_Beta_Dispersion_TopDown","FD_FDis_m1_TopDown","FD_RaoQ_m1_TopDown","FD_Beta_Dispersion_m1_TopDown","FD_Beta_Turnover_m1_TopDown","FD_FDis_m2_TopDown","FD_RaoQ_m2_TopDown","FD_Beta_Dispersion_m2_TopDown","FD_Beta_Turnover_m2_TopDown","year","tile_num","sum_squares","Beta_dispersion","Beta_avg_pairwise","gamma_sum_squares","gamma_dispersion","beta_agg_sum_squares","beta_agg_dispersion","Beta_agg_avg_pairwise","plot_sum_squares","plot_beta_dispersion","plot_avg_pairwise","n_plots","total_visible_stems","total_site_canopy_area","mean_canopy_height_site","max_canopy_height_site","canopy_height_sd_site","mean_base_crown_height_site","mean_elevation","avg_visible_canopy_per_plot","pct_visible_tree_cover","visible_stems_per_ha","site_year"
"ABBY",58,7.1972,1.4571,0.6007,0.4122,1137.7746,0.4997,0.4452,0.7351,0.9967,0.4465,0.6238,1.0822,2.1269,0.6375,0.888,48,2.8397,2.8961,0.5483,0.3845,759.0395,0.4251,0.4859,0.2921,0.4033,0.417,0.5102,0.4015,0.7649,0.5318,0.656,2024,"1",285.05411539325,0.0227026214871973,0.166578988462454,285.05411539325,0.0227026214871973,2.30946923616702,0.0133495331570348,0.12554477290037,50.5011429010159,1.53033766366715,0.20546169493099,22,414,4954.20695,4.43404,62.6,4.469,0.50175,485.98889,225.19122,56.29781,470.45455,"ABBY_2024"
"BART",34,8.5935,1.2078,0.5507,0.3759,947.3254,0.716,0.3009,0.9464,1.2764,0.6434,0.9467,2.1803,5.4898,1.2639,1.8564,27,7.6947,1.237,0.7188,0.5064,809.2167,0.6805,0.3288,0.8605,1.0822,0.7697,1.123,1.8738,4.3406,1.5285,2.1592,2024,"1",71.4163620929248,0.0114780395520612,0.0894024489020739,71.4163620929248,0.0114780395520612,0.602382217849351,0.00762509136518165,0.0740968162774677,108.823167254661,3.20068138984296,0.231154804414607,21,357,6173.02795,8.1022,28.4,6.75774,0.58593,431.81261,293.95371,73.48843,425,"BART_2024"
"BLAN",68,18.8934,1.0871,0.893,0.623,679.9519,0.4864,0.4295,NA,NA,NA,NA,NA,NA,NA,NA,65,18.7702,1.099,0.9371,0.6512,573.097,0.4975,0.408,NA,NA,NA,NA,NA,NA,NA,NA,2024,"1",24.2702595885255,0.0108689026370468,0.114417316260565,24.2702595885255,0.0108689026370468,0.163973717076548,0.00431509781780391,0.0688567853197691,7.83346068349241,0.340585247108366,0.102069574236028,20,92,2555.2293,5.34376,38.1,5.35175,0,136.90109,127.76146,31.94037,115,"BLAN_2024"
"CLBJ",65,8.8423,1.2913,0.8335,0.5806,836.0824,0.4504,0.4719,0.8613,1.6006,0.6035,0.8872,1.4255,3.7309,1.1089,1.6194,58,7.442,1.4034,0.8582,0.5989,628.8028,0.4793,0.447,0.5796,0.8704,0.5916,0.9424,0.987,2.0964,1.2854,1.8697,2024,"1",263.541104891834,0.0174680920588476,0.152532815088484,263.541104891834,0.0174680920588476,1.76517790761112,0.00735490794837966,0.0986466992087423,17.1313168172273,0.51913081264325,0.151833082845837,21,200,2737.78736,3.30008,12.6,2.17239,0.59937,296.3215,130.37083,32.59271,238.09524,"CLBJ_2024"
"CPER",35,10.0137,1.1825,0.8895,0.6193,396.6834,0.3605,0.5864,NA,NA,NA,NA,NA,NA,NA,NA,36,10.2863,1.1766,0.8891,0.6188,396.6834,0.3605,0.5864,NA,NA,NA,NA,NA,NA,NA,NA,2024,"1",33.7984647838927,0.001398017239572,0.0453567161108125,33.7984647838927,0.001398017239572,0.262881656097278,0.000932204454245665,0.0374372948316901,9.41694484660139,0.136477461544948,0.0408994114931894,20,245,218.07631,0.63283,1.1,0.157,0,1630.00041,10.90382,2.72595,306.25,"CPER_2024"
"DELA",85,21.5955,1.0748,0.8317,0.5775,1103.0866,0.4909,0.4046,0.9558,1.2854,0.6934,1.0267,1.7069,3.4548,1.1315,1.6718,66,15.2674,1.0993,0.9084,0.6339,746.2741,0.4683,0.4555,0.6692,0.8883,1.2765,1.8394,1.1963,2.2864,1.7973,2.623,2024,"1",50.3022147818676,0.0341263329592046,0.167214675574876,50.3022147818676,0.0341263329592046,0.458349231900209,0.0208340559954641,0.140590704336077,20.1687683697564,0.560243565826568,0.1036439989609,23,216,7208.89927,8.82156,35.6,6.97061,0.93191,24.58148,313.4304,78.3576,234.78261,"DELA_2024"
"DSNY",110,21.288,1.1097,0.9408,0.6615,699.6167,0.4968,0.5043,NA,NA,NA,NA,NA,NA,NA,NA,105,19.7351,1.1249,0.9349,0.6571,637.8571,0.5075,0.4703,NA,NA,NA,NA,NA,NA,NA,NA,2024,"2",507.105407919539,0.0325067569179192,0.201017157858949,507.105407919539,0.0325067569179192,5.59175085930932,0.0283845221284737,0.184595268571972,27.891066076787,0.733975423073343,0.259317324445344,41,181,1200.4919,2.16329,26.8,1.59168,0.50104,19.87017,29.28029,7.32007,110.36585,"DSNY_2024"
"GRSM",70,21.2297,1.0818,0.7247,0.5022,1664.8644,0.5516,0.3573,1.0013,1.568,0.583,0.8624,1.5958,3.5405,0.9142,1.3531,59,13.8351,1.1551,0.8106,0.5675,1154.8322,0.4913,0.4288,0.9495,1.6405,0.7533,1.0723,1.4129,3.1973,1.053,1.544,2024,"2",284.233598970482,0.0223120809302522,0.128139466414289,284.233598970482,0.0223120809302522,5.80124350670962,0.0214068026077846,0.128457313029959,65.3245205890462,1.86641487397275,0.215240663810976,20,234,4102.19618,7.15753,44.1,7.11971,0.62559,816.97863,205.10981,51.27745,292.5,"GRSM_2024"
"GUAN",99,32.6009,1.0565,0.8269,0.5707,1466.8139,0.5196,0.3654,1.2697,2.0694,0.6496,0.9711,2.0138,4.8382,0.9699,1.4533,65,24.1494,1.0793,0.8757,0.606,670.6567,0.288,0.5682,1.001,1.3372,0.797,1.2002,1.569,3.1871,1.2186,1.8344,2024,"1",136.998119567651,0.0159541306122803,0.134872772793837,136.998119567651,0.0159541306122803,1.92817179952632,0.0173709171128497,0.143567838064095,2.65635732932356,0.102167589589368,0.0604162180465093,20,108,2035.85352,3.53819,50,1.61456,0.41636,128.51111,101.79268,25.44817,135,"GUAN_2024"
"HARV",72,14.0864,1.1324,0.6366,0.4396,1321.05,0.6798,0.2502,0.9083,1.0651,0.507,0.7225,1.6423,3.1545,0.8241,1.1891,54,9.6078,1.2062,0.7267,0.513,1077.1902,0.6356,0.3484,0.6969,0.7362,0.7303,0.9997,1.2553,2.1865,1.1993,1.6669,2024,"1",66.5526834388318,0.00467824289602361,0.0439871999944903,66.5526834388318,0.00467824289602361,0.71208564786273,0.00370877941595172,0.0499633353078793,1.86312608571685,0.0665402173470304,0.0490968858536336,22,263,6510.4221,6.99109,37.5,6.91568,0.59478,211.15437,295.92828,73.98207,298.86364,"HARV_2024"
"JERC",122,29.7941,1.0839,0.9726,0.6775,856.5682,0.4192,0.4745,NA,NA,NA,NA,NA,NA,NA,NA,99,23.5472,1.1168,0.9673,0.6755,665.9785,0.4431,0.4677,NA,NA,NA,NA,NA,NA,NA,NA,2024,"1",96.7622265019538,0.0217150418541189,0.179430230591752,96.7622265019538,0.0217150418541189,0.544805078984078,0.00939319101696686,0.119819318112337,90.080057855772,2.43459615826411,0.284737158860952,32,40,1710.18371,4.2013,30.6,5.58571,0.69786,39.8125,53.44324,13.36081,31.25,"JERC_2024"
"JORN",13,1.5549,5.1153,0.3058,0.2064,315.78,0.7435,0.2602,0.406,0.3305,0.2402,0.3842,0.7219,1.0008,0.4045,0.608,13,1.5255,5.3243,0.2922,0.1962,315.78,0.7435,0.2602,0.388,0.3168,0.2362,0.3755,0.6864,0.9494,0.3965,0.594,2024,"2",3.21019523552247,0.000210518410093939,0.0178930035273123,3.21019523552247,0.000210518410093939,0.0234951426227146,0.000134257957844083,0.0146664132045293,1.88096235151307,0.0587800734847834,0.0255408485658331,20,64,123.12625,0.92172,1.9,0.25592,0.22156,1325.26875,6.15631,1.53908,80,"JORN_2024"
"KONZ",25,9.971,1.1815,0.9738,0.5622,1053.6884,0.3292,0.2926,NA,NA,NA,NA,NA,NA,NA,NA,20,7.7137,1.2536,0.9705,0.5603,889.5206,0.2945,0.3235,NA,NA,NA,NA,NA,NA,NA,NA,2024,"1",64.113979371265,0.0050711049095361,0.0765480653680678,64.113979371265,0.0050711049095361,0.319576531836767,0.00213051021224511,0.0488771453504896,4.33397672938294,0.135436772793217,0.0558509259408882,3,54,473.44193,2.55249,11.7,1.35065,0,383.27222,157.81398,39.45349,450,"KONZ_2024"
"LAJA",24,11.1904,1.1277,0.9917,0.5725,788.7257,0.2165,0.3898,NA,NA,NA,NA,NA,NA,NA,NA,15,7.0071,1.2152,0.9942,0.574,530.1822,0.253,0.3599,NA,NA,NA,NA,NA,NA,NA,NA,2024,"1",17.486833876178,0.0113772504074027,0.123603865698116,17.486833876178,0.0113772504074027,0.205022519179551,0.00706974204067418,0.100732540887837,12.7741779965145,0.290322227193512,0.0823888110611297,3,6,286.9841,3.76675,11.3,1.51563,0,27.58333,95.66137,23.91534,50,"LAJA_2024"
"LENO",75,15.6899,1.1027,0.6629,0.4614,1210.7147,0.6133,0.2993,1.2717,2.2339,0.4903,0.71,2.0901,5.151,0.8687,1.2609,67,12.3008,1.1182,0.8652,0.6103,859.583,0.5211,0.3886,0.9253,1.7729,0.8463,1.2951,1.5177,3.826,1.336,2.0339,2024,"1",54.8353402765858,0.0196190841776693,0.125739920554271,54.8353402765858,0.0196190841776693,1.08964053602291,0.0213655007063315,0.136030511801973,3.43661085273405,0.107394089147939,0.0646827155173253,21,176,7469.5625,8.13021,41,6.98608,1.52836,13.13977,355.69345,88.92336,209.52381,"LENO_2024"
"MLBS",72,16.9696,1.1172,0.6902,0.4796,1191.2494,0.5259,0.3996,0.769,0.9325,0.4733,0.7002,1.3472,2.3824,0.9278,1.3196,61,13.548,1.1565,0.7807,0.5448,891.8932,0.5044,0.3882,0.6485,0.8513,0.6724,1.026,1.0655,1.8895,1.1298,1.6509,2024,"1",35.4206834587979,0.00841146603153595,0.0750451159848226,35.4206834587979,0.00841146603153595,0.273170616973354,0.00379403634685214,0.0535673494899135,15.3342599428506,0.464674543722745,0.0727393953164875,20,175,3292.0139,9.06726,39.3,6.83128,0.95452,1042.34,164.60069,41.15017,218.75,"MLBS_2024"
"MOAB",28,7.0078,1.3074,0.8711,0.6066,491.6916,0.5699,0.4289,0.6044,0.544,1.3001,1.7211,1.0282,1.4118,1.8093,2.4398,28,8.3779,1.2257,0.8735,0.6078,400.1241,0.4875,0.4681,0.5787,0.4859,1.2652,1.6805,1.023,1.3626,1.7567,2.3798,2024,"2",20.6621241357791,0.00113422210768947,0.0407756492547738,20.6621241357791,0.00113422210768947,0.149629083872695,0.000674004882309436,0.031081779992045,14.9253595197649,0.452283621811058,0.072303955179612,20,212,540.28467,0.8935,5.5,0.37937,0.17776,1841.0033,27.01423,6.75356,265,"MOAB_2024"
"NIWO",43,7.6808,1.2206,0.8289,0.5798,392.288,0.473,0.4823,0.433,0.2617,0.5632,0.8436,0.6252,0.5502,0.8476,1.2676,43,8.9832,1.1976,0.8291,0.5807,410.2404,0.4593,0.4834,0.4264,0.2553,0.5854,0.8716,0.6142,0.5397,0.859,1.2813,2024,"2",239.314531954953,0.0478916413758161,0.265000235696016,239.314531954953,0.0478916413758161,2.17311729562972,0.0350502789617696,0.228671145666822,40.6618097758875,1.27068155549648,0.322081340230039,20,542,2771.67612,6.38701,38,4.30784,0.12632,3195.77196,138.58381,34.64595,677.5,"NIWO_2024"
"ONAQ",32,4.172,1.7225,0.7505,0.5347,566.3526,0.6106,0.4053,0.4506,0.4745,1.2027,1.4896,0.8261,1.5668,1.7669,2.206,27,3.5114,1.8334,0.7629,0.5441,513.0832,0.5689,0.5285,0.4577,0.4918,0.5591,0.8552,0.8739,1.7303,0.937,1.3716,2024,"2",64.7620713488143,0.00259859045617584,0.0563403774609329,64.7620713488143,0.00259859045617584,0.673294057605099,0.0024483420276549,0.0552261754533667,15.619596541396,0.473321107315029,0.0954426322663818,20,753,1221.75019,0.68196,42.2,0.47985,0.06702,1678.75857,61.08751,15.27188,941.25,"ONAQ_2024"
"ORNL",86,24.6418,1.0672,0.8987,0.6266,1226.771,0.4377,0.5012,0.9233,1.529,0.9811,1.4687,1.6878,4.2578,1.6147,2.4064,72,25.2659,1.0591,0.9382,0.6532,971.7704,0.4317,0.5108,0.7683,1.1372,1.1988,1.7638,1.3287,3.0476,1.9097,2.7763,2024,"1",858.952433617852,0.0414152571657595,0.172414712695618,858.952433617852,0.0414152571657595,11.3242359875995,0.0358361898341757,0.177089311637676,10.4750999638754,0.317427271632588,0.100470978877145,26,327,4242.36236,7.08753,35.8,4.25805,0.91121,270.54434,163.16778,40.79195,314.42308,"ORNL_2024"
"RMNP",51,8.5327,1.1788,0.7258,0.5164,941.7443,0.5815,0.3904,0.462,0.4206,0.3686,0.5314,0.669,0.7885,0.5908,0.8476,45,8.5333,1.1925,0.7393,0.5247,811.2006,0.5569,0.4122,0.6217,0.7398,0.4755,0.687,1.0534,1.831,0.8733,1.2493,2024,"1",437.582997209726,0.0251224593644348,0.184279321185421,437.582997209726,0.0251224593644348,2.98285189379324,0.0130826837447072,0.130360382327016,12.3706654392393,0.399053723846431,0.248692243844241,20,714,3312.49532,6.18318,19.7,3.79863,0.49587,2777.05798,165.62477,41.40619,892.5,"RMNP_2024"
"SCBI",83,28.4069,1.0531,0.9007,0.6283,1015.0614,0.4543,0.455,0.8184,0.9806,0.6855,1.0161,1.5124,2.9572,1.0624,1.5514,79,20.7448,1.09,0.9129,0.6403,713.9568,0.4323,0.481,0.6123,0.7413,0.7329,1.0877,1.1626,2.2025,1.2424,1.7861,2024,"1",31.1075181384866,0.00798037920433213,0.0794611341172334,31.1075181384866,0.00798037920433213,0.28216747134037,0.00440886673969328,0.0695110105890517,8.12006733815536,0.246062646610769,0.0871023129367151,25,142,5715.18387,4.53606,46.3,6.11593,0.35779,396.38099,228.60735,57.15184,142,"SCBI_2024"
"SERC",80,13.1128,1.1556,0.7274,0.5078,1069.7534,0.4678,0.3956,0.6845,0.7105,0.3343,0.4828,1.495,2.9261,0.8286,1.2051,71,8.6358,1.3196,0.7974,0.5658,850.8702,0.4322,0.4459,0.5406,0.5614,0.4812,0.6605,1.0977,2.0083,0.9916,1.4155,2024,"1",116.92687439044,0.027972936457043,0.142575823181881,116.92687439044,0.027972936457043,0.991547302754582,0.0128772376981115,0.124195518645626,12.3074069155448,0.361982556339552,0.105935513402387,20,137,4247.2049,7.31206,41,8.54657,0.61957,14.87153,212.36024,53.09006,171.25,"SERC_2024"
"SJER",51,14.1248,1.1351,0.9152,0.6384,675.3959,0.4655,0.489,NA,NA,NA,NA,NA,NA,NA,NA,46,16.0169,1.1184,0.9226,0.6428,626.1239,0.4711,0.4785,NA,NA,NA,NA,NA,NA,NA,NA,2024,"1",12.0064326021823,0.00184345656413055,0.0518864424124023,12.0064326021823,0.00184345656413055,0.0929677851469005,0.00112009379695061,0.0403539088493378,18.7826010396929,0.586956282490402,0.138509776255434,20,84,843.2753,2.72067,23.5,1.0915,0.51488,402.38452,42.16377,10.54094,105,"SJER_2024"
"SOAP",44,9.4989,1.1839,0.7772,0.5375,958.5062,0.5703,0.4647,0.773,1.0998,0.753,1.0593,1.3593,2.7638,1.2845,1.8412,40,8.331,1.224,0.7556,0.5231,801.0074,0.5932,0.485,0.6285,0.8622,0.8308,1.1192,1.1565,2.2132,1.363,1.9139,2024,"1",38.8897977391944,0.0183702398390149,0.150204627004093,38.8897977391944,0.0183702398390149,0.191400287394459,0.00736154951517149,0.102419577404864,19.5293298729464,0.57439205508666,0.178604880523445,18,151,3310.90076,6.718,57.9,7.4068,0.31235,1201.10265,183.93893,45.98473,209.72222,"SOAP_2024"
"SRER",56,7.181,1.4598,0.6979,0.4807,670.8199,0.5309,0.4329,0.572,0.8669,0.5733,0.7851,1.1182,2.5519,1.1489,1.5786,53,8.2622,1.3581,0.6962,0.4788,654.8501,0.5336,0.4407,0.5766,0.8358,0.5705,0.7822,1.1356,2.481,1.1366,1.5589,2024,"2",203.727352367525,0.00289327906904203,0.0631742917122563,203.727352367525,0.00289327906904203,1.95401056086684,0.00258125569467218,0.0591647574089322,4.68189317857243,0.146309161830389,0.0654902945140648,20,201,1367.20352,1.81371,7.4,0.74676,0.56947,1083.6597,68.36018,17.09004,251.25,"SRER_2024"
"TALL",82,18.8766,1.0817,0.7911,0.5542,1555.0788,0.6029,0.3045,1.4908,3.2526,1.3682,1.8766,2.0688,5.9192,1.8941,2.5818,67,11.8722,1.1462,0.8108,0.5703,1232.4677,0.5624,0.3289,1.234,2.4941,1.4239,2.0449,1.699,4.5707,1.9682,2.8122,2024,"1",71.726908891281,0.00406361729597649,0.0656145097165391,71.726908891281,0.00406361729597649,0.190429794743007,0.000898253748787771,0.0335106916127357,5.17832445090583,0.156918922754722,0.0825179804988618,21,224,6540.70148,7.49678,85.6,7.55649,1.11081,111.38304,311.46198,77.86549,266.66667,"TALL_2024"
"TEAK",32,10.1156,1.1724,0.8175,0.5695,720.2809,0.632,0.4448,0.6249,0.8716,0.6668,0.9713,0.9334,1.9386,1.0698,1.5344,27,9.8514,1.1842,0.8619,0.6007,496.2951,0.4839,0.5327,0.5614,0.8085,0.6041,0.865,0.8668,1.9743,0.985,1.4103,2024,"1",430.187330134932,0.0237606920814655,0.181452479502977,430.187330134932,0.0237606920814655,2.46015022066243,0.0112850927553322,0.124203522775429,10.5126610791625,0.318565487247347,0.13958809406607,20,167,2099.33174,6.93518,49.3,8.65816,0.36284,2252.03772,104.96659,26.24165,208.75,"TEAK_2024"
"TREE",55,14.5326,1.1138,0.8564,0.6014,1057.6563,0.5588,0.4289,1.0435,1.6979,0.9987,1.4818,1.5075,3.3944,1.4114,2.0475,47,12.1249,1.1456,0.8922,0.6258,879.677,0.5026,0.4664,0.7746,1.1374,0.9239,1.3774,1.1914,2.4754,1.3626,2.0267,2024,"1",3.56043531432358,0.00156847370675047,0.0424560946894859,3.56043531432358,0.00156847370675047,0.0169780513619196,0.000435334650305631,0.0258846168576705,7.05948091521254,0.220608778600392,0.0908124570228397,24,286,4744.26875,6.66024,29.1,5.52823,0.58541,456.11608,197.67786,49.41947,297.91667,"TREE_2024"
"UKFS",60,16.3163,1.1049,0.8145,0.5631,1077.1231,0.5074,0.4148,0.9508,1.5513,0.4658,0.7147,1.7464,4.0911,0.8634,1.2847,55,16.1382,1.1075,0.8745,0.6049,791.867,0.4886,0.4348,0.8081,1.3162,0.6346,0.99,1.449,3.2707,1.0954,1.6456,2024,"1",18.8142834806747,0.0081517692723894,0.105283801328331,18.8142834806747,0.0081517692723894,0.133840792240073,0.00405578158303253,0.0753697039432026,3.2250637654226,0.100783242669456,0.0743346541086004,20,182,4682.12964,4.53788,31.6,4.11536,0.4541,311.13791,234.10648,58.52662,227.5,"UKFS_2024"
"UNDE",54,11.8707,1.1429,0.8749,0.6056,1244.3355,0.4538,0.475,1.1773,1.9237,0.693,1.0035,1.6334,3.2823,1.095,1.593,39,8.2881,1.2141,0.9157,0.6373,1003.1926,0.4455,0.5043,0.9627,1.5862,0.8725,1.2841,1.297,2.5826,1.4504,2.1032,2024,"1",461.943979631377,0.0381141897385625,0.228365135410279,461.943979631377,0.0381141897385625,4.44479153241534,0.0290509250484663,0.203058167886481,21.2760253525193,0.625765451544686,0.243082961978033,20,236,3257.77369,6.97025,33,5.63965,0.53061,511.04322,162.88868,40.72217,295,"UNDE_2024"
"WOOD",28,9.7816,1.2026,0.9355,0.6354,399.7753,0.2764,0.5845,NA,NA,NA,NA,NA,NA,NA,NA,28,9.7816,1.2026,0.9355,0.6354,399.7753,0.2764,0.5845,NA,NA,NA,NA,NA,NA,NA,NA,2024,"2",63.7129848500612,0.0141364510428359,0.120430004659662,63.7129848500612,0.0141364510428359,0.248762942911192,0.00444219540912843,0.0768743225591094,17.6402553973912,0.551257981168476,0.15741297074952,12,0,NA,0,0,0,0,0,0,0,0,"WOOD_2024"
"WREF",48,8.1255,1.2633,0.621,0.4311,912.0076,0.6016,0.3586,0.5151,0.5194,0.3936,0.5662,0.8143,1.239,0.5802,0.8388,46,6.0978,1.3783,0.6792,0.4795,801.1898,0.561,0.3814,0.3213,0.2897,0.3401,0.5054,0.4982,0.6477,0.523,0.7642,2024,"2",38.8118142656224,0.00226784002954437,0.0541682961742611,38.8118142656224,0.00226784002954437,0.243699204634603,0.00109282154544665,0.0392594430864415,2.51202695332551,0.0785008422914223,0.12247710212726,20,271,4580.71724,9.33049,66,10.38379,0.52943,594.06125,229.03586,57.25897,338.75,"WREF_2024"
"YELL",74,9.2946,1.3228,0.869,0.6111,656.3803,0.5535,0.4029,NA,NA,NA,NA,NA,NA,NA,NA,71,10.5786,1.2705,0.8794,0.6193,636.3905,0.5559,0.4083,NA,NA,NA,NA,NA,NA,NA,NA,2024,"1",665.66276269788,0.0229554715048583,0.160952844410706,665.66276269788,0.0229554715048583,5.59436811813845,0.0154114824191142,0.12971467618516,28.9386648851779,0.876929238944783,0.253384995343834,21,435,1594.29612,2.13901,26.3,1.8391,0.12118,2036.04828,75.91886,18.97972,517.85714,"YELL_2024"
