"taxonID","scientificName","LMA_gm2","N_pct","C_pct","d13C","d15N","chlorophyll_mgg","carotenoids_mgg","lignin_pct","cellulose_pct","EWT_g_cm2","n_sites","n_samples"
"","",80.3128571428571,1.7573883161512,45.1981701030928,-23.6356529209622,-0.319501718213058,2.88013943417637,0.663236483736968,5.84664655172414,27.5173965517241,0.000130626397255412,29,584
"ABAM","Abies amabilis (Douglas ex Loudon) Douglas ex Forbes",305.9,0.8475,52.57,-30.45,-5.3,1.4480210203215,0.270670795538764,13.1025,13.84,0.000291823309368699,1,4
"ABBA","Abies balsamea (L.) Mill.",179.323529411765,1.27947368421053,51.3036842105263,-29.2236842105263,-3.11842105263158,1.66927797219858,0.324534075619675,13.5089473684211,11.3031578947368,0.000196107871214829,3,19
"ABCO","Abies concolor (Gord. & Glend.) Lindl. ex Hildebr.",288.84,0.928,50.446,-27.54,-4.24,1.0485455861581,0.217297749214186,17.496,15.05,0.000360011906139752,1,5
"ABFR","Abies fraseri (Pursh) Poir.",166.05,1.15,46.75,-30.1,-1.1,1.6185482485935,0.20038811968701,8.495,9.895,0.00013523240611845,1,2
"ABLAL","Abies lasiocarpa (Hook.) Nutt. var. lasiocarpa",307.321428571429,1.07,51.8885714285714,-26.5928571428571,-4.80714285714286,1.66805777784814,0.301872738465495,15.5314285714286,13.9085714285714,0.000304991590070291,2,14
"ABMA","Abies magnifica A. Murray bis",353.42,0.922,50.344,-28.06,-3.78,1.2547170055972,0.218958394890224,19.048,14.282,0.000405759360346947,1,5
"ABPR","Abies procera Rehder",243.9,1.38,50.68,-30.2,-3.9,0.697390338700722,0.152137701277068,15.13,16.65,0.000359370762137239,1,2
"ACBA3","Acer barbatum Michx.",92.2,1.35,48.935,-27.4,-1.5,2.72880630910901,0.737192010950722,10.22,13.325,6.68123328495795e-05,1,2
"ACCI","Acer circinatum Pursh",44.125,1.5375,49.135,-29.425,-4.8,3.85255191941747,0.905521529128715,6.055,9.5825,7.19752906415848e-05,2,5
"ACKO","Acacia koa A. Gray",190.025,2.4275,55.05,-28.475,-1.05,1.78106292353027,0.385106407413097,22.33,15.205,0.000283397342219896,1,4
"ACNE2","Acer negundo L.",64.1,1.67,48.88,-27.5,1,1.52554179566563,0.397058823529412,10.8,13.72,0.000108283475183281,1,1
"ACNEN","Acer negundo L. var. negundo",51.9416666666667,2.6375,48.6508333333333,-28.2,-0.391666666666667,2.26932426997871,0.384304571405921,12.2408333333333,15.3275,0.00011896522463347,3,12
"ACNI5","Acer nigrum Michx. f.",75.5,1.465,52.39,-28.45,-2.9,4.8921052631579,1.01578947368421,11.02,14.03,7.77331137260172e-05,1,2
"ACRE4","Acacia retusa (Jacq.) Howard",58.2,4.75,48.49,-28.9,2.9,3.48173913043478,0.753043478260869,6.36,13.37,7.98359912476098e-05,1,1
"ACRU","Acer rubrum L.",84.920618556701,1.755,50.3879081632653,-28.1494897959184,-3.33418367346939,2.97888696225153,0.630394456497298,10.7454591836735,11.0954081632653,0.000113995436783614,13,100
"ACRUR","Acer rubrum L. var. rubrum",78.4,1.9,47.3,-26.4,-2.8,2.8,0.206666666666667,8.06,7.48,9.11152077638633e-05,1,1
"ACSA2","Acer saccharinum L.",97.2,1.89,49.93,-25.7,4.4,2.23056994818653,0.593264248704663,7.57,7.36,9.65909710336106e-05,1,1
"ACSA3","Acer saccharum Marshall",67.3827586206897,1.7,48.2375,-28.0464285714286,-4.70178571428571,3.47227505871904,0.735038940234869,8.97857142857143,13.05,8.46362437539135e-05,6,29
"ACSAS","Acer saccharum Marshall var. saccharum",105.92,1.512,49.674,-27.58,-3.58,1.99436765437946,0.477316717908557,8.886,11.494,0.000104640383871403,2,5
"AECA","Aesculus californica (Spach) Nutt.",115,2.22,46.77,-29.7,-0.8,0.886105412136439,0.293226326703018,5.33,7.73,0.000215185934339505,1,1
"AIAL","Ailanthus altissima (Mill.) Swingle",86.8625,2.513125,49.848125,-27.10625,1.51875,1.90728033007385,0.432875485675325,8.755,10.06625,0.000153954153891875,3,8
"ALINR","Alnus incana (L.) Moench ssp. rugosa (Du Roi) R.T. Clausen",69.8111111111111,2.8,51.525,-28.1666666666667,-1.16666666666667,4.77417909682766,1.09049404198912,17.8644444444444,10.8755555555556,0.000101439765798604,3,9
"ALRU2","Alnus rubra Bong.",85.1333333333333,2.53666666666667,51.85,-28.5333333333333,-1.26666666666667,2.96608059321735,0.65245776719808,11.5966666666667,10.5866666666667,0.000123819056222938,1,4
"ALVI5","Alnus viridis (Chaix) DC.",78.38,2.886,49.434,-28.06,-0.9,5.17492065952916,1.00916466056943,15.876,13.446,8.47458431506632e-05,2,5
"ALWR","Aloysia wrightii (A. Gray) A. Heller",86.5,3.68,47.31,-26.7,0.55,1.6653742049632,0.330057722273694,6.7,12.805,0.000150919649311719,1,2
"AMEL","Amyris elemifera L.",138.55,2.0825,48.555,-27.575,4.6,2.38503107382422,0.614390495240401,9.795,19.1575,0.000130551181134854,1,4
"AMLA","Amelanchier laevis Wiegand",101.057142857143,2.19142857142857,50.2814285714286,-27.7285714285714,-2.04285714285714,3.67299663033002,0.723248252888253,20.8714285714286,15.5685714285714,0.000128044869198922,1,7
"ANAC4","Antirhea acutata (DC.) Urb.",70.9,1.57,53.63,-26.7,5.5,1.29580348004094,0.253838280450358,20.5,17.95,0.00015257865392274,1,1
"ARNE","Arctostaphylos nevadensis A. Gray",176,1.09,52.04,-28.7,-2.8,0.943877551020408,0.211734693877551,17.38,13.48,0.000237244897959184,1,1
"ARPA6","Arctostaphylos patula Greene",240.5,0.87,50.715,-29.15,-4.1,0.741919913503495,0.171014894670144,13.045,12.955,0.000228883946261083,1,2
"ARTR2","Artemisia tridentata Nutt.",110.8,2.08875,50.0294642857143,-26.7196428571429,1.50357142857143,1.03379349029222,0.23247137478973,10.8167857142857,15.1432142857143,0.000154782741754408,3,28
"ARVIM","Arctostaphylos viscida Parry ssp. mariposa (Dudley) P.V. Wells",224.59,0.867142857142857,51.1585714285714,-30.2285714285714,-4.1,0.900917613521129,0.201867501474865,20.6371428571429,17.4242857142857,0.00023078456111301,2,10
"ASIN12","Asimina incana (W. Bartram) Exell",95,1.29,49.71,-31.6,2.5,1.40796019900498,0.350746268656716,13.88,31.34,0.000159529409910602,1,2
"ASRE7","Asimina reticulata Shuttlw. ex Chapm.",107.7,1.395,47.26,-31.4,1.1,1.19711785898096,0.288214101904272,8.15,31.2,0.000126890439461716,1,1
"ASTR","Asimina triloba (L.) Dunal",47.3,2.98333333333333,50.61,-28.4666666666667,-0.566666666666667,5.98911718577632,1.17746420878541,9.4,14.1533333333333,9.2013878408481e-05,1,3
"ATCA2","Atriplex canescens (Pursh) Nutt.",132.2,3.3025,44.0340625,-15.3875,6.403125,1.40425567347223,0.358182909634329,5.685625,9.1175,0.000230616158072398,3,16
"ATCO","Atriplex confertifolia (Torr. & Frém.) S. Watson",105.4,2.35333333333333,33.5233333333333,-15.8666666666667,5.43333333333333,0.637296350868599,0.194528397369256,6.99,6.51666666666667,0.000273418557895104,1,3
"BABR","Baccharis brachyphylla A. Gray",NA,2.14,54.76,-27.7,2,1.14019933554817,0.258139534883721,10.79,29.95,NA,1,1
"BEAL2","Betula alleghaniensis Britton",108.878947368421,2.40263157894737,48.7194736842105,-28.6052631578947,-2.68947368421053,3.80204976712645,0.664343530643059,16.8105263157895,10.8368421052632,0.000183793803894294,6,19
"BEGL/BENA","Betula glandulosa/nana",53.2,1.935,51.04,-29.3,-3.8,1.5014366347626,0.308975422648679,17.24,9.535,7.6997832848639e-05,2,2
"BELE","Betula lenta L.",54.7307692307692,2.15769230769231,49.21,-30.0269230769231,-2.23076923076923,4.33488835356476,0.711071390652111,18.7061538461538,13.92,9.11004215660369e-05,2,13
"BENE4","Betula neoalaskana Sarg.",65.4307692307692,2.54115384615385,49.9323076923077,-30.2423076923077,-2.53846153846154,4.67112689573742,0.931166750257478,15.4861538461538,11.1330769230769,9.51317087433449e-05,2,13
"BENI","Betula nigra L.",84.9,1.9,51.265,-29.2,3.3,1.7332541544477,0.384209514499837,28.09,12.805,0.000107526920208318,2,2
"BEOC2","Betula occidentalis Hook.",71.9333333333333,2.44333333333333,49.87,-29.4666666666667,-0.633333333333333,2.52137362521505,0.464127334414267,14.9133333333333,10.5266666666667,9.35729624223884e-05,2,3
"BEPA","Betula papyrifera Marshall",67.5461538461538,2.45538461538462,50.0792307692308,-28.3538461538462,-2.58461538461538,2.71924673362806,0.53793831132704,13.0530769230769,9.35769230769231,0.00011163864362725,3,13
"BEPAC2","Betula papyrifera Marshall var. cordifolia (Regel) Fernald",92.4,2.065,51.265,-28,-2.25,2.36642487046632,0.446614853195164,14.155,11.855,0.000117159331364574,1,2
"BEPAP","Betula papyrifera Marshall var. papyrifera",94.86,1.807,52.288,-28.86,-2.64,2.46104927905622,0.527698875222527,14.114,9.876,0.000117684378899577,2,5
"BEPO","Betula populifolia Marshall",90.1,1.4,47.73,-29.3,-0.4,NA,NA,16.78,8.81,0.000102766798418972,1,1
"BERA3","Bejaria racemosa Vent.",95.2,1.22,57.785,-29.8,-0.65,1.11583275503418,0.310839053327818,33.735,10.425,0.00013825650881235,1,2
"BETH","Berberis thunbergii DC.",57.6,2.13,47.61,-28.4,2.1,1.0641592920354,0.121681415929204,6.56,11.78,0.000138546146795459,1,1
"BOSU2","Bourreria succulenta Jacq.",125.975,1.68,44.9575,-27.175,4.3,2.73608354271357,0.626826005025126,11.7575,24.5625,0.000203418714463341,1,4
"BUBU","Bucida buceras L.",111.369230769231,1.64730769230769,44.3419230769231,-27.9038461538462,4.88076923076923,2.80936844395957,0.517006520054087,9.35576923076923,25.7796153846154,0.000129937242522295,1,13
"BUCA15","Butia capitata (Mart.) Becc.",317.9,1.19,51.03,-29.9,-1.2,1.1304347826087,0.216879795396419,20.03,34.61,0.000386736026528191,1,2
"BUSI","Bursera simaruba (L.) Sarg.",57.7833333333333,2.08291666666667,49.79375,-27.275,3.93333333333333,2.35203682390289,0.496265470212305,17.3191666666667,16.1525,0.000141660119845235,1,12
"CAAM2","Callicarpa americana L.",73,1.80666666666667,49.5233333333333,-28,-0.6,2.8621683554428,0.74117733110571,11.57,15.26,0.000114394332688606,2,3
"CACA18","Carpinus caroliniana Walter",50.8285714285714,1.94142857142857,47.4657142857143,-30.3,1.98571428571429,2.71570682278872,0.521152527254269,6.42571428571429,17.2114285714286,6.37730762438827e-05,2,7
"CACO15","Carya cordiformis (Wangenh.) K. Koch",87.58,2.391,48.301,-27.11,0.9,2.96655108696898,0.617933094913269,8.917,12.369,0.000163691758351002,5,10
"CADE27","Calocedrus decurrens (Torr.) Florin",289.811111111111,1.087,49.705,-26.98,-4.49,1.50974716736316,0.311183867403119,14.981,14.88,0.000295826939929581,1,18
"CAGL8","Carya glabra (Mill.) Sweet",93.1625,2.048125,47.24375,-27.49375,-2.48125,1.89333276215696,0.36890973120251,10.090625,16.21125,0.000207507709125784,7,16
"CAHA9","Capparis hastata Jacq.",377.8,2.2,51.49,-29.7,7.7,0.446845590798188,0.11084001394214,13.58,11.8,0.000324937959339506,1,1
"CAIL2","Carya illinoinensis (Wangenh.) K. Koch",93.5,2.37,48.29,-29.1,-0.6,1.15096893964013,0.475984282252792,13.64,18.7,0.000139416048295232,1,1
"CAIN5","Capparis indica (L.) Druce",209.4,1.96,46.13,-27.1,8.8,0.880902043692741,0.27061310782241,11.65,15.56,0.000175816526189043,1,1
"CAOV2","Carya ovata (Mill.) K. Koch",79.7125,2.2725,47.239375,-28.13125,-0.35,5.80952240672793,1.11182762922799,13.8,19.51125,0.000105422379011641,3,16
"CAOV3","Carya ovalis (Wangenh.) Sarg.",69.4,2.72666666666667,46.34,-25.9,-1.63333333333333,3.46479767143725,0.663374941606982,7.7,15.89,0.000153813538233566,1,3
"CATO6","Carya tomentosa (Lam.) Nutt.",83.5416666666667,2.01458333333333,47.0625,-28.4916666666667,-0.425,4.30926916898459,0.76466050214887,11.2241666666667,17.3666666666667,0.000115502736168707,8,24
"CAXY","Cassine xylocarpa Vent.",333.2,0.92,49.3,-26.1,2.5,0.768796992481203,0.197368421052632,17.76,19.56,0.000406166849272187,1,1
"CECA4","Cercis canadensis L.",60.55,2.675,47.0775,-29.5,-0.425,5.36614766253422,0.961490739473174,10.36125,14.9325,9.83125265278643e-05,1,4
"CECO","Ceanothus cordulatus Kellogg",74.3,2.76666666666667,50.2933333333333,-28.6333333333333,-0.966666666666667,3.0721076415934,0.651604118288166,11.7733333333333,8.17333333333333,0.000111934353956626,1,3
"CECU","Ceanothus cuneatus (Hook.) Nutt.",210.7875,1.602,51.026,-28.12,-2.22,2.31895016347166,0.52663712536903,7.954,9.122,0.000254104672469728,2,8
"CEEH","Celtis ehrenbergiana (Klotzsch) Liebm.",105.48,3.814,40.314,-25.66,5.12,2.46977179556988,0.541835544891536,2.346,7.07,0.000146321151112186,1,5
"CEER3","Ceratiola ericoides Michx.",152.6,1.18,55.8,-31.9,1.4,3.58350100603622,0.730382293762575,27.54,14.9,0.000159004179538434,1,2
"CEIN3","Ceanothus integerrimus Hook. & Arn.",76.6777777777778,2.62666666666667,46.505,-29.1666666666667,-1.85,4.60815907367132,1.03124424558583,6.71,9.85333333333333,9.62338479077589e-05,1,9
"CELA","Celtis laevigata Willd.",56.615,2.72625,44.59975,-26.8775,1.835,5.52433813372616,1.2004384929601,7.586,13.2835,8.09379768330421e-05,4,20
"CELE2","Ceanothus leucodermis Greene",170.766666666667,2.01,50.2533333333333,-28.7333333333333,-1.3,4.23922228876633,0.96993326011342,7.98,7.24666666666667,0.000182589376071447,1,3
"CEMOG","Cercocarpus montanus Raf. var. glaber (S. Watson) F.L. Martin",139.16,1.954,49.065,-28.24,-2.16,1.99802202177759,0.497822427122328,17.624,13.564,0.00013049842911797,1,6
"CEOC","Celtis occidentalis L.",57.9538461538462,2.92285714285714,44.8078571428571,-27.0357142857143,-0.721428571428571,3.35771240074645,0.678730070298793,8.195,13.9514285714286,0.000100164441887292,2,14
"CEOR7","Celastrus orbiculatus Thunb.",58.1,1.83,47.11,-29.1,0,2.94351918899348,0.881969587255612,2.5,9.76,0.000122484470808118,1,1
"CHFO","Chamaebatia foliolosa Benth.",118.51,1.51,53.65,-28.94,-2.7,3.37459546846264,0.779024139944045,19.154,12.472,0.000111999082852882,1,10
"CHSE11","Chrysolepis sempervirens (Kellogg) Hjelmqvist",141.8,1.22,50.85,-27.2,-6,1.07396149949341,0.186423505572442,12.59,16.45,0.000185264472393185,1,1
"CHTR2","Cheirodendron trigynum (Gaudich.) A. Heller",146.3,1.22,51.5633333333333,-29.4,-7.2,1.18568570557152,0.273986503106793,11.5133333333333,15.29,0.000281958586175635,1,3
"CIGL","Cibotium glaucum (Sm.) Hook. & Arn.",126.3,1.47,47.05,-26.3,-8.5,1.09566326530612,0.181122448979592,34.8,18.96,0.000142015120371062,1,1
"CIME8","Cibotium menziesii Hook.",109.6,1.22,46.88,-26.4,-8.4,1.67073170731707,0.280487804878049,33.12,17.41,0.000163023931262459,1,1
"COAR3","Colubrina arborescens (Mill.) Sarg.",80,2.82,49.49,-27.3,0.4,2.16283924843424,0.505219206680585,11.86,11.66,0.000160930001654807,1,1
"COCO6","Corylus cornuta Marshall",42,2.09,45.36,-28.8,-3,9.61877094972067,1.81005586592179,5.01,12.33,5.9849711676049e-05,1,1
"COCOC","Corylus cornuta Marshall var. californica (A. DC.) Sharp",75.55,2.14,48.215,-29.35,-3.7,6.48230446311473,1.34229363893041,5.995,11.565,8.27632449914085e-05,2,3
"CODI8","Coccoloba diversifolia Jacq.",123,1.505,47.325,-26.5,3.5,2.09285347985348,0.461087912087912,19.605,19.55,0.00015173667131574,1,2
"CODO","Comocladia dodonaea (L.) Urb.",130.9,1.78,48.4,-28.8,1.1,1.84966698382493,0.513796384395814,6.17,13.37,0.000201847903340441,1,1
"COEL2","Colubrina elliptica (Sw.) Briz. & Stern",70.6,2.93,47.53,-26.9,3.1,2.27348394768133,0.537455410225921,4.55,8.36,0.000144030932817786,1,1
"COER3","Coprosma ernodeoides A. Gray",147.8,0.78,53.65,-28.3,-4.4,0.697955390334573,0.196096654275093,9.24,13.31,0.000295572167912593,1,1
"COKR","Coccoloba krugii Lindau",133.7,1.295,48.3,-27.05,1,0.963262533598224,0.222022905223793,23.63,28.65,0.000343569650115299,1,2
"COMI","Coccoloba microstachya Willd.",79.1,1.63,49.12,-27,1.6,0.895652173913044,0.184782608695652,19.78,27.55,0.000166009867502405,1,1
"CONU4","Cornus nuttallii Audubon ex Torr. & A. Gray",53.2,1.77333333333333,42.83,-30.9,-2.8,5.01933473019033,0.960585802274374,5.94333333333333,17.87,8.35842089081479e-05,1,4
"CRDI8","Croton discolor Willd.",112,1.64,46.64,-28,5.6,2.02200220022002,0.556655665566557,4.48,26.02,0.000210591029087358,1,1
"CRLU2","Croton lucidus L.",67.1,2.36,48.51,-28.1,3.6,2.78625134264232,0.616541353383459,10.14,9.85,0.000131411035488576,1,1
"CRRH","Crossopetalum rhacoma Crantz",182.5,1.6,52.15,-27,0.9,1.05522914218566,0.195064629847239,25.71,13.35,0.000293236341707027,1,1
"DAFRF","Dasiphora fruticosa (L.) Rydb. ssp. floribunda (Pursh) Kartesz",122.933333333333,2.14666666666667,48.9633333333333,-28.0333333333333,-2.96666666666667,6.52457327871019,1.62597629890923,7.41,12.6766666666667,5.45175820699444e-05,1,3
"DILI","Dicranopteris linearis (Burm.) Underw.",149.9,0.63,53.03,-26.3,-9.8,1.039759939985,0.2768192048012,16.82,20.04,0.000172873145625189,1,1
"DIVI5","Diospyros virginiana L.",93.9142857142857,1.65571428571429,50.5742857142857,-29.5142857142857,0.442857142857143,2.42005383476849,0.866678540151917,25.2371428571429,16.88,0.000123726229578608,4,8
"DOVI","Dodonaea viscosa (L.) Jacq.",106.4,1.43,55.12,-27.8,-9.5,1.04865771812081,0.422818791946309,6.98,9.79,0.000131968641114983,1,1
"ELUM","Elaeagnus umbellata Thunb.",56.6,3.865,50.05,-28,-0.8,2.10508849557522,0.50273739289226,13.645,14.955,0.000109888841902063,2,2
"ENFR","Encelia frutescens (A. Gray) A. Gray",62.1,4.4,44.07,-30.3,3.8,2.32851511169514,0.557161629434954,NA,NA,0.000188385516879482,1,1
"EPTR","Ephedra trifurca Torr. ex S. Watson",815.93,1.2445,47.263,-24.08,1.935,0.685969461639256,0.253946040057703,17.311,31.44,0.000566750280180912,2,10
"EPVI","Ephedra viridis Coville",644.8,1.835,46.5125,-24.825,2.425,0.729805206880968,0.235709823849978,15.8,21.63,0.000574996683474844,1,4
"ERAR17","Erythroxylum areolatum L.",63.4,2.71,49.93,-25.9,5.2,1.88318227593152,0.336354481369587,7.58,14.36,0.000123372537202315,1,1
"ERFR4","Erithalis fruticosa L.",124.4,1.29,53.05,-26.8,1.6,0.712280701754386,0.221052631578947,10.26,8.15,0.000327727120773727,1,1
"ERRO3","Erythroxylum rotundifolium Lunan",96.9,1.88,51.94,-27.7,1.2,0.986547085201794,0.242152466367713,10.43,9.22,0.000166461808604039,1,1
"EUAX","Eugenia axillaris (Sw.) Willd.",95.1,1.6,49.88,-27.7,0.2,0.730659025787966,0.220630372492837,17.33,10.97,0.0002075330537725,1,1
"EUFO3","Eugenia foetida Pers.",109.8,1.58,54.4,-27.2,3.7,1.48195329087049,0.329087048832272,17.51,8.53,0.000147398287967683,1,1
"EURH","Eugenia rhombea (Berg) Krug & Urb.",125.9,1.215,47.015,-28.45,5.75,0.99453139718563,0.252759300320276,16.465,22.81,0.000176350553246124,1,2
"EUXE","Eugenia xerophytica Britton",148.9,1.23,50.73,-26.1,3.9,1.09518348623853,0.268348623853211,20.32,12.46,0.000122944868423176,1,1
"EXCA","Exostema caribaeum (Jacq.) Schult.",95.9,2.31,51.73,-27,3.5,2.735,0.6,6.14,6.99,0.000138170569185408,1,1
"EYOR","Eysenhardtia orthocarpa (A. Gray) S. Watson",71.9,3.13,52.46,-24,2.4,2.49866310160428,0.529411764705882,10.08,14.95,5.11549996489363e-05,1,1
"FAGR","Fagus grandifolia Ehrh.",68.6333333333333,1.80138888888889,49.8525,-29.2083333333333,-2.56944444444444,3.43801786307484,0.675576107454147,21.2433333333333,21.0133333333333,6.4910627848616e-05,4,18
"FOSP2","Fouquieria splendens Engelm.",79.05,2.445,48.6675,-26.35,2.725,1.49338503555599,0.303378113309279,3.7725,7.825,0.000171077848773781,1,4
"FRAM2","Fraxinus americana L.",81.8333333333333,2.18379310344828,48.7824137931035,-26.3862068965517,-1.85344827586207,3.23353411439227,0.700488305653988,15.2281034482759,20.3368965517241,0.000104563348488901,9,30
"FRCAC7","Frangula californica (Eschsch.) A. Gray ssp. cuspidata (Greene) Kartesz & Gandhi",176.4,2.08,45.61,-28.7,-1.7,2.1314606741573,0.7,6.09,8.99,0.000230219634824028,1,1
"FRNI","Fraxinus nigra Marshall",72.3,2.81,45.3085714285714,-25.7,-0.271428571428571,3.57808851422457,0.842765132510891,12.9685714285714,11.6514285714286,0.000145719083587301,2,7
"FRPE","Fraxinus pennsylvanica Marshall",76.5736842105263,2.33285714285714,49.4447619047619,-27.6452380952381,2.52857142857143,5.0009431266832,1.02655761598147,21.297619047619,18.1571428571429,0.000128394745461628,5,21
"FRPU7","Frangula purshiana (DC.) A. Gray",70.95,2.78,47.815,-29.35,-5,6.73317058165182,1.61280196872812,4.2,9.68,0.000130639055373079,1,3
"FRUH","Fraxinus uhdei (Wenzig) Lingelsh.",69.9,3.53,55.62,-25.1,-7.3,1.58877086494689,0.54855842185129,16.79,12.75,0.000107424812030075,1,1
"GAFR2","Gaylussacia frondosa (L.) Torr. & A. Gray ex Torr.",73.6,1.2,52.58,-33.1,-0.7,1.15585672797677,0.329138431752178,28.58,30.35,0.000106761565836299,1,1
"GANA","Gaylussacia nana (A. Gray) Small",64.7,1.03,51.82,-30.8,-1.6,1.04557179707653,0.302665520206363,11.57,15.57,8.10720516722967e-05,1,1
"GLTR","Gleditsia triacanthos L.",93.2,2.3825,49.1675,-28.075,-0.1,1.57121708714333,0.393787181888289,20.505,13.26,0.000117894571628637,1,2
"GOLA","Gordonia lasianthus (L.) Ellis",144.6,1.245,53.12,-27.9,-3.15,1.8042337537038,0.523303695931446,16.855,17.39,0.000193410900600517,2,3
"GUEL","Guettarda elliptica Sw.",89.1,1.725,49.88,-27.55,6.5,1.61256544502618,0.337696335078534,18.16,19.89,0.000102717340554674,1,1
"GUKR","Guettarda krugii Urb.",136,1.69,49.33,-24.9,6.9,3.6617050067659,0.746955345060893,15.33,32.27,0.000149214482033185,1,1
"GUOB","Guapira obtusata (Jacq.) Little",92.6,3.71,47.19,-27.6,2.6,1.23739956172389,0.359386413440468,16.31,11.48,0.000247210840612623,1,1
"GUOF","Guaiacum officinale L.",117.366666666667,1.97,51.2833333333333,-27.8333333333333,9.13333333333333,3.07926289492809,0.697563077696797,12.8216666666667,9.01,0.000100933812843143,1,3
"GUSA","Guaiacum sanctum L.",135.1,2.5875,49.7775,-28.15,8.325,2.45866456361725,0.577583596214511,11.77,16.005,0.000158677912639336,1,2
"GUSA2","Gutierrezia sarothrae (Pursh) Britton & Rusby",143.25,2.45,54.44,-24.95,2,1.22401577757055,0.255925967608819,7.665,11.415,0.000166086420793019,2,2
"GYDI","Gymnocladus dioicus (L.) K. Koch",58.4,4.385,48.2,-24.85,1.5,2.51957973644721,0.435309561815586,6.515,12.88,0.000142399210626328,1,2
"GYLU","Gymnanthes lucida Sw.",135.54,1.708,47.364,-26.94,2.72,1.78106623508566,0.419209362796863,3.132,14.616,0.000191541674290304,1,5
"HATE3","Halesia tetraptera Ellis",36.75,2.06,47.885,-30.15,-2.025,2.65612630076986,0.297201269489924,8.3325,11.3525,7.7297049399189e-05,1,4
"HODI","Holodiscus discolor (Pursh) Maxim.",48.9,2.32,48.88,-29.5,-3.3,8.2339514978602,1.57489300998573,21.26,14.77,5.99802645581131e-05,1,1
"HYFA","Hypericum fasciculatum Lam.",132.4,1.04,55.23,-29.6,-5.4,0.5288926843154,0.182749786507259,23.92,12.97,0.000127920733510796,1,1
"ILAN","Ilex anomala Hook. & Arn.",206.2,0.98,52.82,-31,-1.3,0.773316062176166,0.167098445595855,12.4,18.34,0.000384872220617961,1,1
"ILCO","Ilex coriacea (Pursh) Chapm.",105.9,1.26,52.86,-30.3,-3.3,1.22565864833906,0.27262313860252,23.64,13.93,0.000130050899739898,1,2
"ILGL","Ilex glabra (L.) A. Gray",138.875,1.01375,53.745625,-27.8125,-3.2625,1.01873399888127,0.345666093795001,15.004375,14.398125,0.000162831020640457,2,8
"ISTE2","Isocoma tenuisecta Greene",123.35,2.785,50.32,-27.2,3.45,2.06715876879845,0.317402301150984,9.62,8.89,0.000219465738324014,1,2
"JABE","Jacquinia berteroi Spreng.",285.5,0.81,52.42,-25.8,2.1,0.370221327967807,0.127162977867203,20.89,13.16,0.000232286782341883,1,1
"JAFL","Jasminum fluminense Vell.",87.3,2.47,46.94,-28.5,5.8,6.24657534246575,1.43561643835616,12.05,11.46,0.000125282033012706,1,1
"JUCO6","Juniperus communis L.",205.916666666667,0.985,52.4583333333333,-28.4666666666667,-2.76666666666667,0.949849816222231,0.197648292512355,10.3533333333333,17.6266666666667,0.000183608742242775,1,6
"JUNI","Juglans nigra L.",67.6807692307692,2.84519230769231,48.2780769230769,-28.3096153846154,-1.30961538461538,3.24995526720945,0.794366467171537,9.14269230769231,13.0023076923077,0.000141461365717412,5,26
"JUOS","Juniperus osteosperma (Torr.) Little",607.2875,0.76125,52.878125,-24.53125,-3.15,0.30056476892503,0.0848268573899875,13.4025,11.46375,0.000372171436924804,2,8
"JUVI","Juniperus virginiana L.",370.180952380952,1.14738095238095,50.3766666666667,-27.2142857142857,-2.92619047619048,1.24781307295689,0.24824425109101,16.1085714285714,13.9452380952381,0.000358248711735618,5,21
"JUVIV","Juniperus virginiana L. var. virginiana",290.32,1.386,53.072,-26.12,-1.02,1.2643774809491,0.287147252737757,13.668,15.678,0.000357272761224198,1,5
"KRFE","Krugiodendron ferreum (Vahl) Urb.",107.2,2.33,51.25,-27.1,3.2,1.1303317535545,0.329383886255924,23.85,9.38,0.000130606239673906,1,1
"KRLA2","Krascheninnikovia lanata (Pursh) A. Meeuse & Smit",100.18,3.055,42.338,-27.49,5.36,1.23964811878256,0.325051987239283,3.342,21.762,0.000224720405465818,1,5
"LAEX","Lantana exarata Urb. & Ekman",118.9,1.5,45.57,-29,1,1.11359404096834,0.301675977653631,12.23,21.47,0.000163799320078294,1,1
"LALA","Larix laricina (Du Roi) K. Koch",93.9375,1.9525,50.8175,-29.175,-3.4,1.5278426438155,0.339729089896528,13.36125,13.2075,0.000145590470770654,3,8
"LATR2","Larrea tridentata (DC.) Coville",110.61,2.93818181818182,52.1663636363636,-25.6818181818182,4.93636363636364,2.35898222293865,0.607748727965634,5.97909090909091,8.21,0.00010888642929228,1,11
"LELE10","Leucaena leucocephala (Lam.) de Wit",78.4,4.29,49.59,-26.1,4.9,7.61290322580645,1.72903225806452,7.1,9.56,9.0330562890578e-05,1,1
"LIST2","Liquidambar styraciflua L.",83.7276595744681,1.6863829787234,49.6885106382979,-29.2702127659574,-1.55,2.03141990166991,0.372128972854939,18.2155319148936,16.3821276595745,0.000156141314063628,7,47
"LITU","Liriodendron tulipifera L.",66.27,2.348125,48.2388888888889,-28.6840277777778,-2.91875,3.16767653074705,0.542892860789677,15.1458333333333,16.5015277777778,0.000154623875539612,8,72
"LOIN4","Lonicera interrupta Benth.",70.95,0.96,50.28,-30.4,-5.4,1.24969929812645,0.295214948774551,8.08,10.91,0.0001024987948623,1,2
"LOMA6","Lonicera maackii (Rupr.) Herder",109.066666666667,1.94333333333333,48.76,-27.7166666666667,-0.0166666666666667,2.37823345040158,0.509248034294801,5.91833333333333,8.34333333333333,0.000135515487572533,1,6
"LYFR3","Lyonia fruticosa (Michx.) G.S. Torr.",154.65,0.94,54.77,-29.1,-2.25,1.0718695352753,0.241036679682852,25.375,21.565,0.000176041461706383,1,2
"LYLU3","Lyonia lucida (Lam.) K. Koch",176.975,0.80625,53.66125,-29.2,-2.625,0.767489155691738,0.231901041698474,18.535,20.1925,0.000171515527037062,2,9
"MAAC","Magnolia acuminata (L.) L.",56.3,2.605,48.24,-26.95,-0.8,4.86016026909379,0.912692916501781,11.31,17.135,0.000145239285229391,2,2
"MAIN3","Mangifera indica L.",151.9,1.8,48.91,-27.5,4.5,1.27589967284624,0.292257360959651,10.23,22.63,0.00020000346626458,1,1
"MAPO","Maclura pomifera (Raf.) C.K. Schneid.",52.6428571428571,3.07071428571429,44.6971428571429,-28.0857142857143,-1.17857142857143,2.79590593781937,0.585988236816607,7.17142857142857,15.9028571428571,0.00013213545950439,2,7
"MAPO6","Machaonia portoricensis Baill.",60.4,2.03,48.91,-26.6,3.6,1.83395291201983,0.364312267657993,13.51,12.94,9.12429571842424e-05,1,1
"MEPO5","Metrosideros polymorpha Gaudich.",276.447826086957,0.573260869565217,54.010652173913,-28.395652173913,-8.65217391304348,1.23802801679616,0.267329956948256,17.8321739130435,25.6182608695652,0.000248637985206801,1,23
"MIDY","Mimosa dysocarpa Benth.",87.7,3.16,53.64,-24.85,0.45,2.70420168067227,0.721008403361345,5.69,15.4,3.09971732137635e-05,1,1
"MOAL","Morus alba L.",27.2,3.07,43.54,-27.5,-0.5,3.86153846153846,0.683076923076923,5.17,16.85,6.80933395321753e-05,1,1
"MOCE2","Morella cerifera (L.) Small",98.4,1.705,52.61125,-30.15,-1.55,1.305182419661,0.312629359650392,28.5475,17.2025,0.000135974692259179,2,5
"MORU2","Morus rubra L.",52.15,3.715,43.575,-27.6,-2.15,3.37413470176201,0.910253820816477,4.235,12.52,0.000129742156874353,1,2
"MYLE2","Myrsine lessertiana A. DC.",180.95,0.845,53.05,-28.5,-3.45,1.87439475511342,0.390485675586464,14.835,18.2,0.000318306427501679,1,2
"MYSA","Myoporum sandwicense (A. DC.) A. Gray",79.2,2.46,52.66,-29.1,-0.2,1.49166666666667,0.341666666666667,29.69,11.63,0.000279654679569721,1,1
"MYSA2","Myrsine sandwicensis A. DC.",145.25,0.885,51.69,-30.9,-7.95,1.0648491070136,0.185405561916795,15.865,16.35,0.000342320132098451,1,2
"NEON-REVI","Reynosia vivesiana Trejo",214,1.38,49.38,-26.2,-1,0.997095837366892,0.300096805421104,17.23,22.2,0.000149348323275743,1,1
"NYBI","Nyssa biflora Walter",96.55,1.83,50.735,-29.6,2.6,4.97413622600345,0.748956538583095,10.29,12.39,0.000107916841517473,2,3
"NYSY","Nyssa sylvatica Marshall",87.00625,1.7328125,48.2953125,-28.75,-3.69375,1.29481009333373,0.278182324161052,6.891875,12.46125,0.000117762488474904,6,16
"OPEN3","Opuntia engelmannii Salm-Dyck ex Engelm.",1289.19,1.1045,39.881,-13.72,4.93,0.0754770844872779,0.0204029702499286,2.22,12.018,0.0106434630137188,1,10
"OPPH","Opuntia phaeacantha Engelm.",1746.64,0.718,36.036,-12.46,3.6,0.0869317534162678,0.0254203586856687,1.13,10.934,0.0102679721253965,1,5
"OSVI","Ostrya virginiana (Mill.) K. Koch",38.54,2.3815,46.8375,-30.26,-2.26,7.72172975724507,1.43900611466732,16.383,17.572,4.83449067289185e-05,4,10
"OXAR","Oxydendrum arboreum (L.) DC.",43.075,2.02375,47.203125,-29.16875,-3.2,1.51336831310071,0.21341219228443,6.75875,13.32,0.000143095559194828,3,8
"PAFL6","Parkinsonia florida (Benth. ex A. Gray) S. Watson",77.26,3.712,47.588,-25.74,4.14,1.59381084424065,0.425926829947171,3.286,5.716,8.9591877578973e-05,1,5
"PAIN2","Parthenium incanum Kunth",75.46,3.506,47.158,-28.42,3.08,2.2802663816284,0.439313838118859,8.786,10.302,0.000146834651566516,1,5
"PATO2","Paulownia tomentosa (Thunb.) Siebold & Zucc. ex Steud.",71.4,4.19,47.78,-25.4,0.9,1.648,0.381333333333333,15.75,12.58,0.000264899722949781,1,1
"PEAM3","Persea americana Mill.",93.2,1.82,53.14,-28.4,3.6,2.03588516746412,0.57177033492823,18.7,14.6,0.000126080012315508,1,1
"PEBO","Persea borbonia (L.) Spreng.",91.4,1.21,53.15,-27.1,-4.5,0.808752025931929,0.188006482982172,19.83,18.69,0.0001245170360979,1,1
"PEPA37","Persea palustris (Raf.) Sarg.",89.5,1.56,51.8575,-29.2,-3.975,0.90460605707728,0.219954791202785,24.38,16.17,0.000114047229841149,2,3
"PIAB","Picea abies (L.) Karst.",283.666666666667,0.936666666666667,50.5333333333333,-27.8333333333333,-2.16666666666667,0.820553994379767,0.171818546768366,17.2033333333333,21.3433333333333,0.000388790218889317,1,3
"PIAC","Pictetia aculeata (Vahl) Urb.",98.6333333333333,2.61,47.62,-25.2,-0.566666666666667,3.10908417508418,0.583501683501684,11.2733333333333,16.75,0.000153375158690184,1,3
"PIAL3","Pisonia albida (Heimerl) Britton ex Standl.",86.1545454545455,3.02727272727273,49.8381818181818,-27.9181818181818,6.25454545454545,2.2385762754856,0.550136342236909,24.6327272727273,13.7463636363636,0.000183991726184557,1,11
"PICL","Pinus clausa (Chapm. ex Engelm.) Vasey ex Sarg.",207.2,0.97,52.89,-28.3,0,0.63508064516129,0.120967741935484,28.32,15.72,0.000258201597824239,1,2
"PICO","Pinus contorta Douglas ex Loudon",289.723076923077,1.06,53.4542307692308,-27.9923076923077,-3.12692307692308,0.835516770420116,0.134692991653556,18.3376923076923,17.3261538461538,0.000310309886578209,2,13
"PICOL","Pinus contorta Douglas ex Loudon var. latifolia Engelm. ex S. Watson",319.85,1.0385,51.926,-26.705,-3.66,1.05527777587155,0.184128272143357,18.1685,16.755,0.000339703815017564,2,20
"PIEC2","Pinus echinata Mill.",245.85,1.10928571428571,50.6303571428571,-29.725,-3.08214285714286,1.03219612935331,0.203433507287316,16.9907142857143,16.6585714285714,0.000317299776788396,3,14
"PIED","Pinus edulis Engelm.",331.3,0.981428571428571,51.73,-24.5571428571429,-5.44285714285714,0.578992974543199,0.172563364468262,18.6242857142857,19.0757142857143,0.000287416538570627,1,7
"PIEL","Pinus elliottii Engelm.",299.25,0.9,51.27,-29.2,-3.3,0.859714142346149,0.126525414256807,20.6025,20.03,0.000412770103860193,2,5
"PIELD","Pinus elliottii Engelm. var. densa Little & Dorman",313.48,0.821,52.23,-28.54,-2.89,0.693012081330123,0.140120902088065,20.986,24.23,0.000426569691200513,1,5
"PIEN","Picea engelmannii Parry ex Engelm.",379.10625,0.815625,50.053125,-25.528125,-4.8875,1.02860361167292,0.214919805960041,15.8575,17.228125,0.000348394746675854,2,16
"PIFL2","Pinus flexilis James",274.57,0.852,51.236,-26.13,-3.76,0.886957561610535,0.176608624581454,13.962,17.635,0.000339332630142836,2,10
"PIGL","Picea glauca (Moench) Voss",289.255882352941,0.981212121212121,50.0878787878788,-28.6393939393939,-4.39242424242424,0.821780920690352,0.14756348735595,13.58,16.1887878787879,0.00031480045777711,6,34
"PIGL2","Pinus glabra Walter",276.2,1.42,51.42,-30.8,3.9,0.837968561064087,0.139056831922612,15.47,17.11,0.000357027359161762,1,1
"PIJE","Pinus jeffreyi Balf.",306.45,1.125,51.735,-27.8,-2.4,0.519913450552562,0.122187901277009,21.255,18.395,0.000318141056446495,1,2
"PILA","Pinus lambertiana Douglas",249.15,1.11,49.7,-25.8,-2.4,1.0287964548757,0.218735935855983,14.56,19.04,0.000281107262114278,2,2
"PIMA","Picea mariana (Mill.) Britton, Sterns & Poggenb.",265.88813559322,0.86271186440678,51.0985593220339,-28.4118644067797,-5.64406779661017,0.766957147726718,0.146691033206942,13.6361016949153,17.4212711864407,0.000268363430969683,6,59
"PIPA2","Pinus palustris Mill.",294.78,0.805,50.1455714285714,-28.3442857142857,-4.49,0.984369840664757,0.230460595960349,18.4447142857143,25.0294285714286,0.000361495751787652,4,39
"PIPO","Pinus ponderosa Lawson & C. Lawson",320.74,1.1625,49.7025,-27.8,-5.35,1.4419161230472,0.333533292463667,17.325,24.08,0.000383503671353178,1,5
"PIPOS","Pinus ponderosa Lawson & C. Lawson var. scopulorum Engelm.",391.01,0.967,51.773,-26.22,-4.3,0.513083877914246,0.127436194172196,15.267,18.266,0.00041474528521859,1,10
"PIPU5","Pinus pungens Lamb.",277.7,1,53,-29.1,-4.5,0.814266487213997,0.100942126514132,15.45,19.51,0.00281527231892195,1,1
"PIRE","Pinus resinosa Aiton",323.066666666667,1.09666666666667,52.7516666666667,-28.9583333333333,-2.80833333333333,1.07437841008939,0.204344927893082,17.5233333333333,18.3804166666667,0.000371344012702362,4,12
"PIRI","Pinus rigida Mill.",263.4,1.15,52.93,-30.4,0.5,NA,NA,14.15,20.99,0.000452671040299906,1,1
"PIRU","Picea rubens Sarg.",320.45,0.82875,49.955,-28.4625,-3.8875,0.91341286256199,0.105062914308276,18.04125,16.98,0.00136613115317503,3,8
"PISA2","Pinus sabiniana Douglas ex Douglas",347.333333333333,1.58083333333333,51.2741666666667,-25.9333333333333,-2.44166666666667,2.46145171573467,0.53332877851187,14.4783333333333,15.305,0.000315047648669797,1,6
"PIST","Pinus strobus L.",158.104166666667,1.35625,52.431875,-27.9166666666667,0.135416666666667,1.5655170978919,0.288855822400114,17.9947916666667,17.6479166666667,0.000186988138954866,6,24
"PITA","Pinus taeda L.",263.192,1.2032,51.5002,-30.124,-1.324,1.40240338998966,0.257833068443175,17.594,20.0368,0.000317884882601108,6,27
"PIUN","Pithecellobium unguis-cati (L.) Benth.",80.2,3.89,49.63,-26.6,1.8,6.38177874186551,1.24945770065076,11.14,17.78,0.000103355117871916,1,1
"PIVI2","Pinus virginiana Mill.",227.06,1.196,50.77,-29.76,-4.24,0.841372037013327,0.129403028481348,17.876,14.938,0.000302623656552001,3,5
"PLAL","Plumeria alba L.",188.9,1.8,53.21,-24.7,4.5,0.876683937823834,0.271502590673575,13.73,13.01,0.00055632783254215,1,1
"PLOC","Platanus occidentalis L.",77.295,1.96725,50.52025,-27.515,0.665,2.87548418279443,0.546215093786523,24.821,16.1665,0.000140170945398719,7,20
"POBA2","Populus balsamifera L.",71.65,1.895,46.84,-30.9,1.1,3.72887974176759,0.880441147032329,14.295,14.685,0.000121182606593389,1,2
"PODE3","Populus deltoides W. Bartram ex Marshall",121.233333333333,1.64333333333333,47.3166666666667,-29.0666666666667,1.43333333333333,1.31198426783475,0.304305191344688,10.55,16.18,0.000194235050964912,3,3
"POGR4","Populus grandidentata Michx.",74.1266666666667,2.70933333333333,50.2473333333333,-28.6266666666667,-1.82,5.55487120763263,1.17396157302114,17.28,13.8826666666667,9.44331317404624e-05,4,15
"POTR5","Populus tremuloides Michx.",84.0279411764706,2.37875,50.9772794117647,-28.6919117647059,-1.95147058823529,4.38725014152453,0.977637234204768,14.6210294117647,13.6397058823529,9.95948827525293e-05,8,68
"PRAN3","Prunus angustifolia Marshall",74.2,2.35,50.42,-27.2,-1.3,2.43939393939394,0.649350649350649,5.19,6.16,8.01799349226721e-05,1,1
"PRAV","Prunus avium (L.) L.",42.4,2.845,47.685,-28.2,-1.7,1.94523809523809,0.4,14.06,13.06,9.88574570782672e-05,1,1
"PREM","Prunus emarginata (Douglas ex Hook.) D. Dietr.",54.8333333333333,2.96666666666667,48.7266666666667,-28.9,-3.93333333333333,6.61686022973999,1.52373116656029,6.77333333333333,9.63666666666667,9.92538661628167e-05,2,4
"PRGL2","Prosopis glandulosa Torr.",152.015384615385,2.92230769230769,48.8636538461538,-25.9615384615385,2.02692307692308,2.42444164053301,0.601220610976923,12.8434615384615,17.5811538461538,0.000130427631106788,1,26
"PRJU3","Prosopis juliflora (Sw.) DC.",86.55,3.88,49.105,-26.45,2.65,2.19402148979838,0.526379331160208,11.835,12.385,0.000130129847625749,1,2
"PRME","Prunus mexicana S. Watson",61.82,1.921,46.606,-29.05,-1.81,4.26259661111328,1.0561552320209,8.422,9.894,0.000100804112959412,1,5
"PRSE2","Prunus serotina Ehrh.",80.6923076923077,2.06769230769231,50.8961538461538,-28.4846153846154,-3.00769230769231,3.16103443237444,0.655535455895278,13.0923076923077,12.7692307692308,0.000127766033221542,6,13
"PRSES","Prunus serotina Ehrh. var. serotina",84.3454545454545,2.44833333333333,51.6025,-27.7833333333333,-1.79583333333333,2.94792546199709,0.646832410643763,11.6216666666667,11.705,0.000103150163794718,4,12
"PRVE","Prosopis velutina Woot.",135.008333333333,3.59615384615385,52.0130769230769,-25.4307692307692,3.41538461538462,3.75129694820607,0.807255343898199,14.2738461538462,13.6630769230769,0.000130378193631173,1,14
"PRVI","Prunus virginiana L.",68.9,2.09,48.845,-30.25,-3.8,2.80548174116584,0.606845439782577,10.25,12.31,9.76070578273444e-05,2,2
"PSME","Pseudotsuga menziesii (Mirb.) Franco",255.33,0.98275,52.04,-26.4675,-2.335,0.606219695508685,0.128144092229384,15.207,15.4015,0.000246108750834675,2,20
"PSMEM","Pseudotsuga menziesii (Mirb.) Franco var. menziesii",222.43,1.023,51.25025,-27.305,-3.385,1.063614903334,0.211564325790749,13.125,14.424,0.000234658894931559,2,22
"PUST","Purshia stansburiana (Torr.) Henrickson",260.25,1.485,50.5,-25.85,-1.8,0.606839739590831,0.166716573092119,12.245,9.685,0.000217936374005004,1,2
"QUAL","Quercus alba L.",88.5396551724138,2.27870689655172,49.4628448275862,-28.5793103448276,-2.32758620689655,2.97022794386541,0.581571499332095,12.4551724137931,15.6372413793103,0.000125631919758482,9,58
"QUCH","Quercus chapmanii Sarg.",141.6,1.34,50.64,-27.95,-3.7,1.93195546743268,0.439975686873292,24.63,21.575,0.0001231507864437,1,2
"QUCH2","Quercus chrysolepis Liebm.",187.033333333333,1.17,49.4214285714286,-28.3428571428571,-5.07142857142857,2.35508955753285,0.504180810878205,17.5621428571429,24.1692857142857,0.000141989023385932,1,12
"QUCO2","Quercus coccinea Münchh.",93.85,1.875,50.50375,-27.4875,-3.55,2.16768113389022,0.453404134973773,10.97625,10.9275,0.000227591794469064,3,8
"QUDO","Quercus douglasii Hook. & Arn.",86.6333333333333,3.2275,48.545,-25.8,-0.516666666666667,1.28893447796881,0.405431253096107,4.565,9.55833333333333,0.000149374042026403,1,6
"QUFA","Quercus falcata Michx.",121.105555555556,1.59361111111111,50.0736111111111,-28.6166666666667,-3.68888888888889,1.86136972470428,0.386219876766096,18.1655555555556,16.8177777777778,0.000118127261440751,4,18
"QUFU","Quercus fusiformis Small",144.5,1.38333333333333,48.3566666666667,-29.5666666666667,-3.03333333333333,1.15144207817907,0.219025590912341,16.8366666666667,22.7633333333333,0.000160173562785111,1,3
"QUGE2","Quercus geminata Small",201.683333333333,1.4,50.97,-28.4166666666667,-3.68333333333333,2.31487959130585,0.513484332989244,24.6233333333333,24.4433333333333,0.000158841597603182,3,8
"QUHE2","Quercus hemisphaerica W. Bartram ex Willd.",129.58,1.618,50.584,-28,-2.98,2.45041002863559,0.506321262502023,26.282,19.75,0.000123614690683342,2,7
"QUIN","Quercus incana W. Bartram",107.175,1.5025,49.0275,-30.35,-3.225,10.6544560161693,2.27225187360547,16.8025,19.38,8.8629197605602e-05,2,5
"QUKE","Quercus kelloggii Newberry",109.523076923077,2.32625,48.6625,-28.775,-3.9375,5.10642353983862,1.14244733330672,10.08875,15.365,0.000100067629625007,1,13
"QULA2","Quercus laevis Walter",133.4,1.314,52.216,-29.76,-2.74,2.07004993689375,0.428386809803267,27.322,21.196,9.48826750330113e-05,2,8
"QULA3","Quercus laurifolia Michx.",118.7375,1.69111111111111,50.8916666666667,-28.3833333333333,0.822222222222222,2.55869856219101,0.502240398325722,17.9922222222222,19.5588888888889,0.000123027486073679,2,9
"QULY","Quercus lyrata Walter",85.68,2.244,52.047,-28.35,6.33,5.81700556629877,1.00232778831962,21.898,17.398,9.542644852783e-05,2,5
"QUMA13","Quercus margaretta",122,1.61333333333333,49.0333333333333,-28.8833333333333,-3.91666666666667,3.90817956043222,0.837442816104482,17.1166666666667,15.0183333333333,0.000106782251806934,1,6
"QUMA2","Quercus macrocarpa Michx.",98.7666666666667,2.28333333333333,49,-27.5,-1.3,3.90774949672357,0.721415351467442,14.5433333333333,16.1533333333333,0.000127519830506596,2,3
"QUMA3","Quercus marilandica Münchh.",112.409090909091,1.76272727272727,49.18,-29.2,-2.01818181818182,3.74487437513139,0.690570819271326,16.7563636363636,17.4427272727273,0.000118894786111621,2,11
"QUMI","Quercus michauxii Nutt.",102.3,2.04,51.5,-28.62,3.78,3.98812104994173,0.802920510617749,18.77,18.6855,0.000101050726623676,2,10
"QUMI2","Quercus minima (Sarg.) Small",174.633333333333,1.06,49.5575,-30.525,-2.4,1.67353231261227,0.399451291551062,23.6025,26.3225,0.000141177280887359,1,4
"QUMO4","Quercus montana Willd.",88.72,2.16166666666667,49.7776666666667,-28.29,-3.17,3.08548342972051,0.563605903058362,15.382,16.4711666666667,0.000136166678471455,6,30
"QUMU","Quercus muehlenbergii Engelm.",81.7272727272727,2.38136363636364,50.7772727272727,-28.5727272727273,-0.418181818181818,2.7666684761897,0.521029972820226,16.0122727272727,16.3795454545455,9.62731101682025e-05,3,11
"QUMY","Quercus myrtifolia Willd.",143.58,1.322,51.864,-27.9,-3.54,1.28324713104183,0.306803584484139,24.522,22.374,0.000130120680817985,1,5
"QUNI","Quercus nigra L.",103.841176470588,1.80764705882353,50.9888235294118,-28.9058823529412,0.885294117647059,3.36834376104315,0.598753951319724,18.7876470588235,20.1582352941176,0.000108819614138985,6,19
"QUPA2","Quercus palustris Münchh.",108.7,2.03,51.06,-25.8,1.5,1.73620457604307,0.403768506056528,19.2,12.34,0.000101320980211738,1,1
"QUPA5","Quercus pagoda Raf.",97.85,1.96142857142857,51.075,-28.6857142857143,2.95,3.46674007246954,0.656269953035061,25.0942857142857,20.78,0.000107971282009144,2,14
"QUPH","Quercus phellos L.",90.375,1.965,50.6125,-27.85,4.35,1.45682098061843,0.338013796741472,24.9275,20.335,0.000101852310029066,1,4
"QUPU80","Quercus pumila Walter",128.5,1.55,51.32,-29.8,-1.6,1.10887096774194,0.260752688172043,23.6,23.47,9.47381897324286e-05,1,1
"QURU","Quercus rubra L.",108.054838709677,2.2284375,50.41703125,-27.9625,-1.90390625,3.26147855838175,0.627726245406131,19.834296875,15.571640625,0.000147166865243011,11,64
"QUSH","Quercus shumardii Buckley",85.5142857142857,2.10714285714286,50.6971428571429,-27.7428571428571,0.2,3.61318737719623,0.676443628275018,14.4271428571429,14.2557142857143,0.000103818283357224,2,7
"QUST","Quercus stellata Wangenh.",120.233333333333,1.951,49.118,-28.7266666666667,-2.72,3.01114259743864,0.584888867237015,15.7906666666667,16.0793333333333,0.000131752644553627,4,15
"QUVE","Quercus velutina Lam.",98.8294117647059,2.13882352941176,49.8888235294118,-27.9411764705882,-2.24117647058824,2.33101216734878,0.436497553684376,19.3970588235294,16.4394117647059,0.000118903924907768,8,17
"QUVI","Quercus virginiana Mill.",175.533333333333,1.41333333333333,50.9416666666667,-29.4166666666667,-2.26666666666667,2.70148788369549,0.561201152746867,21.6166666666667,21.1133333333333,0.000151378970437387,3,7
"QUWI2","Quercus wislizeni A. DC.",128.969230769231,2.11538461538462,48.5984615384615,-26.4,-1.73076923076923,2.28391400713405,0.627118319470471,6.88307692307692,13.9661538461538,0.000137687460530028,1,13
"RHCO","Rhus copallinum L.",109.95,1.5325,51.1425,-30.1,-4.1,4.43865250549862,0.948859217113463,10.2375,10.2175,0.000120979901429424,2,4
"RHDA","Rhamnus davurica Pall.",94.6666666666667,2.09,47.2125,-28.4583333333333,-1.00833333333333,1.93767149895701,0.496525780026111,4.93666666666667,9.41166666666667,0.000158211993422939,1,6
"RHIL","Rhamnus ilicifolia Kellogg",149.183333333333,2.08,47.5283333333333,-28.7,-1.75,2.80423066557797,0.784621881645262,8.72833333333333,14.3766666666667,0.000148103959122408,1,6
"RICE","Ribes cereum Douglas",91.3,1.54,46.96,-30.4,-2.1,1.32994923857868,0.33756345177665,3.62,5.82,0.000125289575289575,1,1
"RIRO","Ribes roezlii Regel",101.233333333333,1.495,48.275,-30.3,-1.45,1.62186206404558,0.376979423561743,6.925,8.765,0.000118250490619018,2,3
"ROAC2","Rochefortia acanthophora (DC.) Griseb.",126.9,2.13,51.35,-27.5,8.6,1.01237113402062,0.292783505154639,30.84,18.24,0.000119257739827315,1,1
"ROPS","Robinia pseudoacacia L.",56.2142857142857,4.14285714285714,50.9842857142857,-26.3428571428571,0.228571428571429,3.61230173431169,0.737025112071815,10.6128571428571,12.1657142857143,0.000103467894847598,4,7
"SAAL5","Sassafras albidum (Nutt.) Nees",62.7307692307692,2.55153846153846,50.4807692307692,-29.6076923076923,-2.9,3.97385505698915,0.817797306610736,18.5453846153846,13.8130769230769,0.00010876313429984,5,13
"SABE2","Salix bebbiana Sarg.",92.3,1.74,47.86,-28.1,-4.5,1.34993084370678,0.345781466113416,8.58,12.01,0.000100162160123694,1,1
"SACY3","Sadleria cyatheoides Kaulf.",175.5,0.8,51.1,-27.1,-9.9,0.674647887323944,0.246478873239437,17.16,22.99,0.000240182802979012,1,1
"SAGL","Salix glauca L.",94,2.995,49.96,-26.9,-0.55,1.30400811900717,0.351590114632765,9.045,11.805,0.00011134906118263,1,2
"SALIX","Salix sp.",92.3,2.5525,49.725,-27.05,-2.05,9.38952566420921,2.26826633282329,18.645,11.06,0.000111724553188107,1,2
"SANI4","Sambucus nigra L.",101,3.26,49.67,-28.8,3.4,1.84033613445378,0.458508403361345,12.87,10.59,0.000247203334064488,1,1
"SAPA","Sabal palmetto (Walter) Lodd. ex Schult. & Schult. f.",265.6,1.19,48.17,-29.7,-3.6,0.943325526932084,0.317564402810304,16.21,34.66,0.000228157481707907,1,1
"SAPA11","Sadleria pallida Hook. & Arn.",165.3,0.92,53.01,-27.5,-9.7,0.833158995815899,0.304393305439331,10.88,24.66,0.000165969316596932,1,1
"SAPU15","Salix pulchra Cham.",85.2,2.47,51.6,-26.5,-0.7,2.25165562913907,0.487417218543046,8.2,9.43,9.77526654694908e-05,1,1
"SASE6","Savia sessiliflora (Sw.) Willd.",79.7,2.38,50.82,-25.9,7.1,5.08871662360035,0.971576227390181,10.44,19.24,8.99679158535375e-05,1,1
"SAVE4","Sarcobatus vermiculatus (Hook.) Torr.",92.85,5.37,41.405,-26,9.85,0.706800059478448,0.245358822326723,4.165,9.57,0.000318957611889801,1,2
"SCFR","Schaefferia frutescens Jacq.",115.3,2.73,44.92,-26,2.9,1.9724680432645,0.407079646017699,11.01,23.98,0.000165737778236488,1,1
"SEGR4","Senegalia greggii (A. Gray) Britton & Rose",96.0333333333333,3.48666666666667,50.2016666666667,-27.0333333333333,4.71666666666667,2.97895852259759,0.613068153670128,10.6666666666667,13.22,7.27601217348755e-05,1,6
"SERE2","Serenoa repens (W. Bartram) Small",224.953333333333,1.07566666666667,49.467,-28.1,-1.28333333333333,1.61365530279284,0.48128184958983,16.47,37.6913333333333,0.00024812538665031,2,16
"SESI3","Senna siamea (Lam.) Irwin & Barneby",64.6,1.87,48.69,-26.5,2.3,1.59701492537313,0.529021558872305,7.87,11.86,9.66005715387717e-05,1,1
"SHCA","Shepherdia canadensis (L.) Nutt.",84.36,2.63,49.452,-28.48,-0.56,3.25424547768547,0.803528258623428,4.564,9.342,0.00014306965805504,1,5
"SILA20","Sideroxylon lanuginosum Michx.",95.3,2.29166666666667,48.64,-28.6333333333333,-0.716666666666667,2.88499195723748,0.645692209060441,12.7016666666667,17.3483333333333,0.000105960339978401,1,6
"SISA6","Sideroxylon salicifolium (L.) Lam.",81.9,1.55,53.84,-28.6,2.5,1.25934579439252,0.39018691588785,15.33,13.96,0.000118314662492225,1,1
"STTA","Styphelia tameiameiae (Cham. & Schltdl.) F. Muell.",178,0.54,58.69,-30.6,-10.4,1.12782663316583,0.339195979899497,21.82,22.82,9.44954128440367e-05,1,1
"SWMA2","Swietenia mahagoni (L.) Jacq.",94.3,1.735,50.965,-28.75,4.1,3.5718954248366,0.855347593582888,24.325,19.825,0.000120521551345541,1,2
"SYAL","Symphoricarpos albus (L.) S.F. Blake",73.8,1.99,48.875,-29.4,0.8,1.62549019607843,0.350980392156863,4.93,7.56,9.83412502086716e-05,1,1
"TAAS","Taxodium ascendens Brongn.",209.6,1.73,51.515,-27.35,0.05,0.583073073422374,0.153503185639469,14.325,15.285,0.000386615236830227,2,2
"TABR2","Taxus brevifolia Nutt.",135.2,0.9975,54.1725,-27.025,-3.7,2.27331454514319,0.499739563759611,22.7,9.845,0.000135269852276622,1,2
"TADI2","Taxodium distichum (L.) Rich.",100.125,1.98,51.2525,-27.65,3.975,1.82749596267092,0.300664150603594,14.2325,11.985,0.000193686708849005,2,4
"TAHE","Tabebuia heterophylla (DC.) Britton",126.6,1.49,47.78,-24.9,0.8,0.978060046189377,0.267898383371824,14.51,25.39,0.000205169164721886,1,1
"TEDA","Tetradium daniellii (Benn.) T.G. Hartley",80.3,2.0675,46.2675,-28.6,1.325,2.96130294202852,0.576791913803813,5.1775,10.8975,0.000128115291514961,1,4
"THOC2","Thuja occidentalis L.",248.314285714286,1.005,49.9821428571429,-26.3142857142857,-4.76428571428571,1.17807188032488,0.254238359151736,13.8571428571429,11.1671428571429,0.000276502662653151,3,7
"THPL","Thuja plicata Donn ex D. Don",278.7,0.983571428571429,52.985,-26.4857142857143,-4.65,1.10307176255832,0.227996650741145,16.8614285714286,16.62,0.000320486141979427,2,7
"THSTP","Thouinia striata Radlk. var. portoricensis (Radlk.) Votava & Alain",104.1,2.41,53.17,-29.3,2.5,2.28571428571429,0.454458293384468,19.01,14.77,0.000134478312006688,1,1
"TIAM","Tilia americana L.",69.47,3.005,47.311,-27.63,-0.9,5.98123582360681,1.20063262625397,10.786,13.855,0.000116684729867391,5,10
"TIAMA","Tilia americana L. var. americana",77.2,2.2,50.4,-27.1,1.9,2.15544675642595,0.515911872705018,18.38,11.76,0.000134207965851668,1,1
"TODI","Toxicodendron diversilobum (Torr. & A. Gray) Greene",67.8,2.48666666666667,51.1466666666667,-29.5666666666667,-3.4,5.81970000124263,1.38347655387124,5.38,12.0633333333333,8.56787180384044e-05,2,5
"TRSE6","Triadica sebifera (L.) Small",66.55,2.105,48.15,-28.25,5.15,6.15315608169068,1.28198225660934,1.515,6.75,0.000104513900761071,1,2
"TSCA","Tsuga canadensis (L.) Carrière",141.485714285714,1.29096774193548,51.2416129032258,-27.5161290322581,-3.3241935483871,0.796705735568851,0.18754310219291,9.8291935483871,13.041935483871,0.000286508047455995,7,31
"TSHE","Tsuga heterophylla (Raf.) Sarg.",201.485714285714,0.944230769230769,52.6619230769231,-28.1192307692308,-5.82692307692308,0.790389979458618,0.191250580365996,14.9684615384615,12.6415384615385,0.000208941060168239,2,14
"TUDI","Turnera diffusa Willd. ex Schult.",102.3,2.51,50,-27.5,3.6,1.71512915129151,0.388191881918819,11.18,16.41,0.000111531729555908,1,1
"ULAL","Ulmus alata Michx.",81.6875,2.10875,46.4925,-27.325,-1.9,3.93977367873536,0.819377984338106,15.1775,15.34625,9.12341794634091e-05,2,8
"ULAM","Ulmus americana L.",53.995,2.40525,45.604,-28.935,-0.7675,4.2205156792924,0.730390368582136,13.103,17.551,9.70937255184099e-05,6,20
"ULCR","Ulmus crassifolia Nutt.",106.816666666667,1.82666666666667,44.7683333333333,-28.3333333333333,-2.2,2.3621847839297,0.516781105275052,10.615,15.2566666666667,0.000107776151819563,1,6
"ULMUS","Ulmus sp.",69.8333333333333,2.495,46.3033333333333,-28.3333333333333,-1.31666666666667,2.11012907680194,0.475239026562126,8.80833333333333,13.0416666666667,0.000112959509203989,3,6
"ULRU","Ulmus rubra Muhl.",59.4,2.33,44.23,-26.7,-2.8,1.98723064644852,0.352753391859537,4.24,13.59,0.000109732089360609,1,1
"VAAR","Vaccinium arboreum Marshall",84.48,1.382,51.799,-30.72,0.44,0.910016491644116,0.16468047912399,20.986,14.976,0.000130728185092597,3,7
"VACO9","Vachellia constricta (Benth.) Seigler & Ebinger",146.86,3.437,48.08,-27.02,1.21,2.89507842434674,0.794533184323523,5.456,8.14,0.00015166210906329,1,5
"VAMY3","Vaccinium myrsinites Lam.",83.3,1.04,53.28,-31.7,-1.8,0.671312427409988,0.0929152148664344,19.49,15.52,8.48923437841707e-05,1,2
"VAPA","Vaccinium parvifolium Sm.",42.8,2.055,49.55,-32,-3.7,9.68937823049282,1.72844772736913,9.14,12.34,6.90365147242678e-05,2,2
"VIRO3","Vitis rotundifolia Michx.",68.675,1.69,47.905,-28.8,-3.25,3.30801240480291,0.607347442078559,14.95,15.8775,9.57267237583615e-05,3,5
"VITIS","Vitis sp.",46.74,2.898,45.85,-29.2,-1.2,4.40581395382149,0.57581865375827,13.146,15.898,0.000115645016763505,1,5
"YUEL","Yucca elata (Engelm.) Engelm.",521.85,1.776,48.634,-24.17,1.85,1.03882705328579,0.250717676309712,9.113,31.942,0.000578101079857098,1,10
"ZIOB","Ziziphus obtusifolia (Hook. ex Torr. & A. Gray) A. Gray",110.1,3.81,52.32,-25.8,2.8,3.44162436548223,0.865482233502538,4.7,5.36,9.99441935974836e-05,1,1
