"siteID","plotID","decimalLatitude","decimalLongitude","nlcdClass"
"BART","BART_006",44.060511,-71.310912,"deciduousForest"
"BART","BART_024",44.052775,-71.263787,"evergreenForest"
"BART","BART_023",44.049319,-71.263643,"evergreenForest"
"BART","BART_001",44.047079,-71.306661,"mixedForest"
"BART","BART_002",44.035076,-71.272844,"deciduousForest"
"BART","BART_004",44.041571,-71.28692,"mixedForest"
"BART","BART_003",44.055247,-71.263146,"deciduousForest"
"BART","BART_012",44.046097,-71.316312,"deciduousForest"
"BART","BART_062",44.057361,-71.305891,"deciduousForest"
"BART","BART_015",44.042915,-71.27314,"mixedForest"
"BART","BART_028",44.054076,-71.306536,"evergreenForest"
"BART","BART_007",44.049697,-71.298504,"mixedForest"
"BART","BART_011",44.050004,-71.296272,"mixedForest"
"BART","BART_018",44.058473,-71.277866,"mixedForest"
"BART","BART_031",44.055537,-71.305098,"evergreenForest"
"BART","BART_068",44.052446,-71.309459,"mixedForest"
"BART","BART_066",44.056764,-71.310402,"mixedForest"
"BART","BART_029",44.057748,-71.28831,"evergreenForest"
"BART","BART_025",44.059386,-71.313142,"evergreenForest"
"BART","BART_013",44.041737,-71.277598,"deciduousForest"
"BART","BART_019",44.069366,-71.286161,"mixedForest"
"BART","BART_026",44.061261,-71.313922,"evergreenForest"
"BART","BART_005",44.054614,-71.282188,"mixedForest"
"BART","BART_032",44.0675,-71.2876,"deciduousForest"
"BART","BART_010",44.050073,-71.26668,"deciduousForest"
"BART","BART_027",44.057941,-71.261742,"evergreenForest"
"BART","BART_008",44.058,-71.2588,"mixedForest"
"BART","BART_080",44.047374,-71.319728,"deciduousForest"
"BART","BART_079",44.0449,-71.320829,"deciduousForest"
"BART","BART_030",44.053801,-71.308071,"evergreenForest"
"BART","BART_040",44.06576,-71.29199,"deciduousForest"
"BART","BART_016",44.051234,-71.288463,"mixedForest"
"BART","BART_071",44.067944,-71.290624,"mixedForest"
"BART","BART_036",44.062082,-71.285878,"deciduousForest"
"BART","BART_081",44.060682,-71.262947,"mixedForest"
"HARV","HARV_027",42.43035,-72.253258,"evergreenForest"
"HARV","HARV_006",42.403087,-72.25372,"deciduousForest"
"HARV","HARV_013",42.392282,-72.254598,"evergreenForest"
"HARV","HARV_023",42.414314,-72.226622,"evergreenForest"
"HARV","HARV_010",42.424723,-72.254599,"mixedForest"
"HARV","HARV_001",42.424246,-72.258285,"deciduousForest"
"HARV","HARV_004",42.427091,-72.229737,"mixedForest"
"HARV","HARV_002",42.478565,-72.259572,"deciduousForest"
"HARV","HARV_030",42.423045,-72.218966,"evergreenForest"
"HARV","HARV_012",42.429486,-72.239802,"deciduousForest"
"HARV","HARV_014",42.471449,-72.265709,"mixedForest"
"HARV","HARV_031",42.467507,-72.260079,"evergreenForest"
"HARV","HARV_059",42.480806,-72.275442,"mixedForest"
"HARV","HARV_005",42.489469,-72.275158,"deciduousForest"
"HARV","HARV_022",42.434188,-72.198776,"evergreenForest"
"HARV","HARV_058",42.469743,-72.25227,"mixedForest"
"HARV","HARV_011",42.455924,-72.238278,"deciduousForest"
"HARV","HARV_033",42.538302,-72.175607,"deciduousForest"
"HARV","HARV_008",42.444557,-72.226082,"deciduousForest"
"HARV","HARV_026",42.410762,-72.247271,"evergreenForest"
"HARV","HARV_018",42.432275,-72.232028,"deciduousForest"
"HARV","HARV_021",42.45243,-72.250472,"evergreenForest"
"HARV","HARV_028",42.431817,-72.225087,"mixedForest"
"HARV","HARV_029",42.466458,-72.237434,"evergreenForest"
"HARV","HARV_025",42.475428,-72.273927,"mixedForest"
"HARV","HARV_024",42.459993,-72.25087,"woodyWetlands"
"HARV","HARV_015",42.538822,-72.182055,"deciduousForest"
"HARV","HARV_016",42.45847,-72.231992,"woodyWetlands"
"HARV","HARV_017",42.481741,-72.26708,"deciduousForest"
"HARV","HARV_020",42.436756,-72.228878,"woodyWetlands"
"HARV","HARV_063",42.444983,-72.22125,"woodyWetlands"
"HARV","HARV_035",42.539966,-72.178072,"evergreenForest"
"HARV","HARV_034",42.535686,-72.177968,"evergreenForest"
"BLAN","BLAN_013",39.080851,-77.96809,"deciduousForest"
"BLAN","BLAN_018",39.081529,-77.962499,"deciduousForest"
"BLAN","BLAN_032",39.058572,-78.073305,"shrubScrub"
"BLAN","BLAN_012",39.082046,-77.961088,"deciduousForest"
"BLAN","BLAN_015",39.087544,-77.954623,"deciduousForest"
"BLAN","BLAN_011",39.087243,-77.974013,"deciduousForest"
"BLAN","BLAN_004",39.087516,-77.962567,"pastureHay"
"BLAN","BLAN_019",39.087842,-77.966033,"pastureHay"
"BLAN","BLAN_006",39.083999,-77.963812,"pastureHay"
"BLAN","BLAN_016",39.08643,-77.96365,"pastureHay"
"BLAN","BLAN_003",39.078872,-77.963659,"pastureHay"
"BLAN","BLAN_010",39.086352,-77.960564,"pastureHay"
"BLAN","BLAN_008",39.084853,-77.965124,"pastureHay"
"BLAN","BLAN_014",39.081458,-77.958693,"pastureHay"
"BLAN","BLAN_031",39.058809,-78.070547,"cultivatedCrops"
"BLAN","BLAN_007",39.085485,-77.969265,"deciduousForest"
"BLAN","BLAN_001",39.087919,-77.958389,"deciduousForest"
"BLAN","BLAN_033",39.058229,-78.069151,"cultivatedCrops"
"BLAN","BLAN_017",39.086353,-77.970992,"deciduousForest"
"BLAN","BLAN_005",39.087456,-77.971942,"deciduousForest"
"BLAN","BLAN_009",39.086824,-77.95775,"deciduousForest"
"BLAN","BLAN_002",39.092296,-77.980761,"pastureHay"
"BLAN","BLAN_020",39.100938,-77.980394,"pastureHay"
"BLAN","BLAN_068",39.087809,-77.964303,"pastureHay"
"SCBI","SCBI_023",38.886307,-78.143725,"deciduousForest"
"SCBI","SCBI_021",38.900853,-78.15288,"deciduousForest"
"SCBI","SCBI_019",38.900642,-78.175704,"deciduousForest"
"SCBI","SCBI_004",38.896938,-78.146458,"deciduousForest"
"SCBI","SCBI_043",38.890577,-78.151569,"pastureHay"
"SCBI","SCBI_008",38.887763,-78.147164,"deciduousForest"
"SCBI","SCBI_022",38.882552,-78.123175,"deciduousForest"
"SCBI","SCBI_015",38.884381,-78.141069,"deciduousForest"
"SCBI","SCBI_002",38.895214,-78.142704,"deciduousForest"
"SCBI","SCBI_005",38.900538,-78.16186,"deciduousForest"
"SCBI","SCBI_016",38.904234,-78.158647,"deciduousForest"
"SCBI","SCBI_003",38.883308,-78.120371,"deciduousForest"
"SCBI","SCBI_017",38.879363,-78.135381,"deciduousForest"
"SCBI","SCBI_011",38.879734,-78.139901,"deciduousForest"
"SCBI","SCBI_013",38.874379,-78.163985,"deciduousForest"
"SCBI","SCBI_041",38.891304,-78.15949,"pastureHay"
"SCBI","SCBI_067",38.893949,-78.135536,"deciduousForest"
"SCBI","SCBI_037",38.892172,-78.161528,"pastureHay"
"SCBI","SCBI_034",38.89106,-78.160512,"pastureHay"
"SCBI","SCBI_014",38.867075,-78.163552,"deciduousForest"
"SCBI","SCBI_018",38.870965,-78.157532,"deciduousForest"
"SCBI","SCBI_007",38.884909,-78.130305,"deciduousForest"
"SCBI","SCBI_010",38.884776,-78.125148,"deciduousForest"
"SCBI","SCBI_035",38.882888,-78.168813,"pastureHay"
"SCBI","SCBI_039",38.895506,-78.165196,"pastureHay"
"SCBI","SCBI_033",38.888917,-78.161302,"pastureHay"
"SCBI","SCBI_040",38.883962,-78.168759,"pastureHay"
"SCBI","SCBI_042",38.880756,-78.169936,"pastureHay"
"SCBI","SCBI_006",38.897609,-78.152007,"pastureHay"
"SCBI","SCBI_012",38.889095,-78.168896,"pastureHay"
"SCBI","SCBI_038",38.881536,-78.168857,"pastureHay"
"SCBI","SCBI_047",38.894257,-78.137217,"deciduousForest"
"SCBI","SCBI_045",38.890566,-78.139432,"deciduousForest"
"SCBI","SCBI_044",38.88929,-78.165454,"pastureHay"
"SCBI","SCBI_071",38.887955,-78.12224,"deciduousForest"
"SERC","SERC_025",38.88641,-76.551826,"deciduousForest"
"SERC","SERC_006",38.88109,-76.547314,"deciduousForest"
"SERC","SERC_012",38.878648,-76.560977,"deciduousForest"
"SERC","SERC_010",38.909676,-76.546253,"deciduousForest"
"SERC","SERC_015",38.898957,-76.55556,"deciduousForest"
"SERC","SERC_009",38.897571,-76.561169,"deciduousForest"
"SERC","SERC_021",38.896415,-76.560181,"deciduousForest"
"SERC","SERC_002",38.895036,-76.558917,"deciduousForest"
"SERC","SERC_011",38.898525,-76.551056,"deciduousForest"
"SERC","SERC_026",38.901228,-76.55059,"deciduousForest"
"SERC","SERC_016",38.899455,-76.547547,"deciduousForest"
"SERC","SERC_022",38.875454,-76.554591,"deciduousForest"
"SERC","SERC_046",38.891258,-76.551167,"deciduousForest"
"SERC","SERC_013",38.871792,-76.544434,"deciduousForest"
"SERC","SERC_001",38.868693,-76.533585,"deciduousForest"
"SERC","SERC_044",38.890803,-76.553986,"deciduousForest"
"SERC","SERC_003",38.899872,-76.543752,"deciduousForest"
"SERC","SERC_045",38.880982,-76.55872,"deciduousForest"
"SERC","SERC_004",38.87241,-76.554055,"deciduousForest"
"SERC","SERC_019",38.871775,-76.550692,"deciduousForest"
"SERC","SERC_014",38.875995,-76.541096,"deciduousForest"
"SERC","SERC_017",38.876039,-76.535565,"deciduousForest"
"SERC","SERC_024",38.865796,-76.528949,"deciduousForest"
"SERC","SERC_005",38.893246,-76.547604,"deciduousForest"
"SERC","SERC_007",38.873795,-76.539828,"cultivatedCrops"
"SERC","SERC_008",38.871838,-76.524078,"cultivatedCrops"
"SERC","SERC_028",38.871746,-76.522041,"cultivatedCrops"
"SERC","SERC_018",38.872927,-76.531608,"cultivatedCrops"
"SERC","SERC_029",38.871199,-76.528949,"cultivatedCrops"
"SERC","SERC_030",38.910052,-76.548984,"cultivatedCrops"
"SERC","SERC_027",38.87364,-76.543648,"cultivatedCrops"
"SERC","SERC_023",38.875233,-76.535264,"cultivatedCrops"
"SERC","SERC_020",38.870108,-76.535927,"cultivatedCrops"
"SERC","SERC_068",38.88011,-76.556735,"deciduousForest"
"SERC","SERC_047",38.885634,-76.560193,"deciduousForest"
"DSNY","DSNY_010",28.11859,-81.435161,"woodyWetlands"
"DSNY","DSNY_001",28.0967,-81.418579,"woodyWetlands"
"DSNY","DSNY_034",28.063937,-81.418449,"pastureHay"
"DSNY","DSNY_039",28.07231,-81.423976,"pastureHay"
"DSNY","DSNY_074",28.066655,-81.416933,"pastureHay"
"DSNY","DSNY_025",28.071776,-81.42062,"pastureHay"
"DSNY","DSNY_037",28.044794,-81.392123,"pastureHay"
"DSNY","DSNY_005",28.039641,-81.393323,"woodyWetlands"
"DSNY","DSNY_016",28.043948,-81.393638,"pastureHay"
"DSNY","DSNY_021",28.052638,-81.393374,"pastureHay"
"DSNY","DSNY_022",28.083234,-81.39226,"woodyWetlands"
"DSNY","DSNY_036",28.060503,-81.384553,"pastureHay"
"DSNY","DSNY_038",28.058337,-81.389433,"pastureHay"
"DSNY","DSNY_033",28.07808,-81.398665,"woodyWetlands"
"DSNY","DSNY_008",28.046662,-81.401888,"woodyWetlands"
"DSNY","DSNY_002",28.048244,-81.416879,"woodyWetlands"
"DSNY","DSNY_019",28.074836,-81.394674,"woodyWetlands"
"DSNY","DSNY_003",28.074209,-81.425532,"woodyWetlands"
"DSNY","DSNY_014",28.063373,-81.428518,"woodyWetlands"
"DSNY","DSNY_024",28.045531,-81.418683,"woodyWetlands"
"DSNY","DSNY_017",28.058282,-81.402874,"woodyWetlands"
"DSNY","DSNY_018",28.061213,-81.426376,"woodyWetlands"
"DSNY","DSNY_007",28.053114,-81.417507,"woodyWetlands"
"DSNY","DSNY_004",28.099732,-81.399974,"woodyWetlands"
"DSNY","DSNY_020",28.097278,-81.4079,"woodyWetlands"
"DSNY","DSNY_006",28.09297,-81.399334,"woodyWetlands"
"DSNY","DSNY_027",28.092143,-81.405137,"woodyWetlands"
"DSNY","DSNY_012",28.102984,-81.406399,"woodyWetlands"
"DSNY","DSNY_013",28.110486,-81.425958,"woodyWetlands"
"DSNY","DSNY_015",28.111848,-81.42168,"woodyWetlands"
"DSNY","DSNY_009",28.073118,-81.428559,"pastureHay"
"DSNY","DSNY_023",28.094781,-81.423147,"woodyWetlands"
"DSNY","DSNY_042",28.122132,-81.433949,"pastureHay"
"DSNY","DSNY_041",28.125082,-81.432746,"pastureHay"
"DSNY","DSNY_035",28.068347,-81.388232,"woodyWetlands"
"DSNY","DSNY_011",28.070798,-81.383974,"woodyWetlands"
"DSNY","DSNY_031",28.108612,-81.418314,"woodyWetlands"
"DSNY","DSNY_043",28.1232,-81.43487,"pastureHay"
"DSNY","DSNY_026",28.119977,-81.42356,"woodyWetlands"
"JERC","JERC_002",31.194504,-84.460062,"evergreenForest"
"JERC","JERC_009",31.194989,-84.456903,"evergreenForest"
"JERC","JERC_013",31.178468,-84.469946,"evergreenForest"
"JERC","JERC_021",31.175756,-84.469063,"evergreenForest"
"JERC","JERC_011",31.185207,-84.468204,"evergreenForest"
"JERC","JERC_003",31.19615,-84.473249,"deciduousForest"
"JERC","JERC_005",31.195968,-84.451228,"evergreenForest"
"JERC","JERC_008",31.195154,-84.450932,"mixedForest"
"JERC","JERC_001",31.194314,-84.477077,"deciduousForest"
"JERC","JERC_006",31.187671,-84.45585,"mixedForest"
"JERC","JERC_035",31.183308,-84.454719,"deciduousForest"
"JERC","JERC_004",31.189774,-84.465861,"cultivatedCrops"
"JERC","JERC_012",31.190203,-84.447296,"cultivatedCrops"
"JERC","JERC_016",31.180684,-84.472088,"deciduousForest"
"JERC","JERC_007",31.198632,-84.476315,"evergreenForest"
"JERC","JERC_034",31.197575,-84.491484,"deciduousForest"
"JERC","JERC_031",31.202453,-84.464587,"mixedForest"
"JERC","JERC_014",31.200072,-84.454913,"cultivatedCrops"
"JERC","JERC_010",31.208232,-84.469499,"deciduousForest"
"JERC","JERC_022",31.210376,-84.468464,"evergreenForest"
"JERC","JERC_048",31.196458,-84.461913,"evergreenForest"
"JERC","JERC_029",31.186763,-84.46438,"deciduousForest"
"JERC","JERC_030",31.185097,-84.476067,"mixedForest"
"JERC","JERC_036",31.184997,-84.470422,"deciduousForest"
"JERC","JERC_033",31.192003,-84.456038,"mixedForest"
"JERC","JERC_028",31.182704,-84.477998,"deciduousForest"
"JERC","JERC_049",31.196488,-84.464108,"evergreenForest"
"JERC","JERC_019",31.187434,-84.470665,"deciduousForest"
"JERC","JERC_015",31.190611,-84.454221,"evergreenForest"
"JERC","JERC_018",31.192585,-84.45826,"cultivatedCrops"
"JERC","JERC_020",31.183807,-84.46508,"cultivatedCrops"
"JERC","JERC_017",31.195473,-84.453453,"evergreenForest"
"JERC","JERC_047",31.198433,-84.467178,"evergreenForest"
"JERC","JERC_082",31.192585,-84.45826,"cultivatedCrops"
"JERC","JERC_038",31.191899,-84.492894,"mixedForest"
"JERC","JERC_040",31.212257,-84.46841,"mixedForest"
"JERC","JERC_024",31.204483,-84.457916,"cultivatedCrops"
"JERC","JERC_045",31.189966,-84.475936,"mixedForest"
"OSBS","OSBS_002",29.703861,-81.956817,"evergreenForest"
"OSBS","OSBS_003",29.694993,-81.947419,"deciduousForest"
"OSBS","OSBS_001",29.702914,-82.008881,"woodyWetlands"
"OSBS","OSBS_022",29.689482,-81.960693,"emergentHerbaceousWetlands"
"OSBS","OSBS_005",29.696568,-82.02558,"woodyWetlands"
"OSBS","OSBS_006",29.686609,-81.983001,"evergreenForest"
"OSBS","OSBS_004",29.684075,-81.959108,"evergreenForest"
"OSBS","OSBS_007",29.690279,-81.962568,"deciduousForest"
"OSBS","OSBS_008",29.685058,-82.007163,"evergreenForest"
"OSBS","OSBS_010",29.691764,-81.941828,"mixedForest"
"OSBS","OSBS_013",29.68216,-81.961566,"evergreenForest"
"OSBS","OSBS_009",29.698798,-82.017543,"woodyWetlands"
"OSBS","OSBS_012",29.71907,-81.983943,"woodyWetlands"
"OSBS","OSBS_015",29.710251,-81.969273,"woodyWetlands"
"OSBS","OSBS_016",29.682392,-81.967447,"woodyWetlands"
"OSBS","OSBS_023",29.722597,-81.985527,"emergentHerbaceousWetlands"
"OSBS","OSBS_011",29.721507,-81.987042,"woodyWetlands"
"OSBS","OSBS_017",29.703872,-81.991845,"woodyWetlands"
"OSBS","OSBS_018",29.686636,-81.942713,"woodyWetlands"
"OSBS","OSBS_020",29.686849,-81.950765,"woodyWetlands"
"OSBS","OSBS_050",29.68969,-82.005389,"emergentHerbaceousWetlands"
"OSBS","OSBS_051",29.67776,-82.007709,"emergentHerbaceousWetlands"
"OSBS","OSBS_014",29.692719,-81.958259,"mixedForest"
"OSBS","OSBS_024",29.723939,-81.986781,"emergentHerbaceousWetlands"
"OSBS","OSBS_048",29.679302,-81.94635,"deciduousForest"
"OSBS","OSBS_021",29.695767,-81.953022,"woodyWetlands"
"OSBS","OSBS_025",29.691867,-81.996384,"evergreenForest"
"OSBS","OSBS_027",29.691969,-81.992063,"evergreenForest"
"OSBS","OSBS_026",29.693584,-81.992056,"evergreenForest"
"OSBS","OSBS_029",29.692504,-81.989891,"evergreenForest"
"OSBS","OSBS_049",29.686229,-81.964097,"emergentHerbaceousWetlands"
"OSBS","OSBS_019",29.695991,-81.959217,"emergentHerbaceousWetlands"
"OSBS","OSBS_063",29.687219,-81.969684,"mixedForest"
"OSBS","OSBS_071",29.709218,-81.956222,"evergreenForest"
"OSBS","OSBS_073",29.702728,-81.989698,"deciduousForest"
"OSBS","OSBS_065",29.698957,-81.991804,"mixedForest"
"OSBS","OSBS_074",29.686087,-81.940165,"deciduousForest"
"OSBS","OSBS_070",29.687872,-81.98983,"evergreenForest"
"OSBS","OSBS_066",29.711309,-81.971145,"deciduousForest"
"OSBS","OSBS_076",29.725563,-81.982768,"deciduousForest"
"OSBS","OSBS_067",29.690932,-81.975904,"mixedForest"
"OSBS","OSBS_069",29.675147,-82.022278,"woodyWetlands"
"OSBS","OSBS_075",29.684003,-82.000044,"mixedForest"
"OSBS","OSBS_072",29.69229,-82.010953,"evergreenForest"
"OSBS","OSBS_068",29.69225,-81.983366,"evergreenForest"
"GUAN","GUAN_043",17.968869,-66.867682,"evergreenForest"
"GUAN","GUAN_017",17.965519,-66.835162,"evergreenForest"
"GUAN","GUAN_002",17.970294,-66.824633,"evergreenForest"
"GUAN","GUAN_042",17.970725,-66.863969,"evergreenForest"
"GUAN","GUAN_048",17.96911,-66.864276,"evergreenForest"
"GUAN","GUAN_003",17.973138,-66.861701,"evergreenForest"
"GUAN","GUAN_007",17.972832,-66.857711,"evergreenForest"
"GUAN","GUAN_013",17.963662,-66.837731,"evergreenForest"
"GUAN","GUAN_015",17.976917,-66.861918,"evergreenForest"
"GUAN","GUAN_001",17.972768,-66.851235,"evergreenForest"
"GUAN","GUAN_008",17.965762,-66.832036,"evergreenForest"
"GUAN","GUAN_022",17.957936,-66.833839,"evergreenForest"
"GUAN","GUAN_012",17.951583,-66.899037,"evergreenForest"
"GUAN","GUAN_014",17.955704,-66.852256,"evergreenForest"
"GUAN","GUAN_021",17.965896,-66.844767,"evergreenForest"
"GUAN","GUAN_016",17.967958,-66.884679,"evergreenForest"
"GUAN","GUAN_005",17.968745,-66.88045,"evergreenForest"
"GUAN","GUAN_004",17.969254,-66.85267,"evergreenForest"
"GUAN","GUAN_018",17.971776,-66.861999,"evergreenForest"
"GUAN","GUAN_019",17.966255,-66.876783,"evergreenForest"
"GUAN","GUAN_006",17.963818,-66.875667,"evergreenForest"
"GUAN","GUAN_024",17.961652,-66.900614,"evergreenForest"
"GUAN","GUAN_009",17.97943,-66.867833,"evergreenForest"
"GUAN","GUAN_010",17.972442,-66.871318,"evergreenForest"
"GUAN","GUAN_020",17.954237,-66.892766,"evergreenForest"
"GUAN","GUAN_023",17.983632,-66.879113,"evergreenForest"
"GUAN","GUAN_011",17.97511,-66.867035,"evergreenForest"
"LAJA","LAJA_044",18.019086,-67.075469,"pastureHay"
"LAJA","LAJA_046",18.020963,-67.074891,"pastureHay"
"LAJA","LAJA_042",18.020196,-67.075468,"pastureHay"
"LAJA","LAJA_004",18.017803,-67.08088,"pastureHay"
"LAJA","LAJA_014",18.023477,-67.08026,"pastureHay"
"LAJA","LAJA_009",18.032303,-67.069111,"grasslandHerbaceous"
"LAJA","LAJA_002",18.035349,-67.073331,"cultivatedCrops"
"LAJA","LAJA_027",18.035317,-67.070485,"cultivatedCrops"
"LAJA","LAJA_016",18.030429,-67.070828,"grasslandHerbaceous"
"LAJA","LAJA_019",18.032068,-67.070519,"cultivatedCrops"
"LAJA","LAJA_018",18.034241,-67.072199,"cultivatedCrops"
"LAJA","LAJA_021",18.03096,-67.069118,"cultivatedCrops"
"LAJA","LAJA_024",18.036913,-67.07075,"grasslandHerbaceous"
"LAJA","LAJA_029",18.039917,-67.069303,"evergreenForest"
"LAJA","LAJA_022",18.029658,-67.073388,"cultivatedCrops"
"LAJA","LAJA_007",18.0278,-67.078507,"pastureHay"
"LAJA","LAJA_028",18.03777,-67.071596,"grasslandHerbaceous"
"LAJA","LAJA_023",18.035855,-67.06962,"grasslandHerbaceous"
"LAJA","LAJA_012",18.02271,-67.083667,"pastureHay"
"LAJA","LAJA_006",18.020279,-67.084819,"pastureHay"
"LAJA","LAJA_011",18.018109,-67.084278,"pastureHay"
"LAJA","LAJA_008",18.025907,-67.078525,"pastureHay"
"LAJA","LAJA_010",18.026484,-67.08278,"pastureHay"
"LAJA","LAJA_013",18.018944,-67.086826,"pastureHay"
"LAJA","LAJA_005",18.025704,-67.084747,"pastureHay"
"LAJA","LAJA_003",18.025922,-67.081365,"pastureHay"
"LAJA","LAJA_017",18.017713,-67.074931,"cultivatedCrops"
"LAJA","LAJA_001",18.024533,-67.076837,"grasslandHerbaceous"
"LAJA","LAJA_015",18.034464,-67.066822,"evergreenForest"
"LAJA","LAJA_026",18.035563,-67.06765,"evergreenForest"
"LAJA","LAJA_030",18.039928,-67.070204,"evergreenForest"
"LAJA","LAJA_025",18.034725,-67.064257,"grasslandHerbaceous"
"LAJA","LAJA_072",18.033966,-67.071343,"cultivatedCrops"
"LAJA","LAJA_077",18.02907,-67.097922,"pastureHay"
"LAJA","LAJA_079",18.026031,-67.092,"pastureHay"
"LAJA","LAJA_081",18.026109,-67.098797,"pastureHay"
"LAJA","LAJA_074",18.021984,-67.093185,"pastureHay"
"LAJA","LAJA_089",18.03939,-67.071061,"evergreenForest"
"LAJA","LAJA_080",18.022539,-67.096538,"pastureHay"
"LAJA","LAJA_085",18.024986,-67.096775,"pastureHay"
"LAJA","LAJA_078",18.023365,-67.097426,"pastureHay"
"LAJA","LAJA_086",18.022022,-67.098522,"pastureHay"
"LAJA","LAJA_082",18.023891,-67.094573,"pastureHay"
"LAJA","LAJA_083",18.025779,-67.095069,"pastureHay"
"LAJA","LAJA_076",18.025785,-67.09399,"pastureHay"
"STEI","STEI_007",45.793824,-90.053927,"deciduousForest"
"STEI","STEI_012",45.785871,-90.048067,"deciduousForest"
"STEI","STEI_005",45.826442,-90.086208,"deciduousForest"
"STEI","STEI_022",45.804414,-90.052167,"woodyWetlands"
"STEI","STEI_009",45.82204,-90.089055,"deciduousForest"
"STEI","STEI_060",45.506757,-89.58706,"deciduousForest"
"STEI","STEI_047",45.506178,-89.588573,"deciduousForest"
"STEI","STEI_008",45.802505,-90.062109,"mixedForest"
"STEI","STEI_020",45.810575,-90.054415,"mixedForest"
"STEI","STEI_059",45.508883,-89.588327,"deciduousForest"
"STEI","STEI_019",45.829715,-90.074786,"mixedForest"
"STEI","STEI_003",45.82494,-90.072607,"deciduousForest"
"STEI","STEI_017",45.822227,-90.073207,"deciduousForest"
"STEI","STEI_026",45.79377,-90.096356,"woodyWetlands"
"STEI","STEI_002",45.797373,-90.092307,"deciduousForest"
"STEI","STEI_016",45.795919,-90.096476,"deciduousForest"
"STEI","STEI_027",45.826821,-90.092389,"woodyWetlands"
"STEI","STEI_013",45.792821,-90.071973,"deciduousForest"
"STEI","STEI_018",45.797067,-90.074154,"deciduousForest"
"STEI","STEI_004",45.797883,-90.064162,"deciduousForest"
"STEI","STEI_011",45.804887,-90.074576,"deciduousForest"
"STEI","STEI_015",45.810959,-90.099612,"deciduousForest"
"STEI","STEI_023",45.823957,-90.098036,"woodyWetlands"
"STEI","STEI_010",45.787642,-90.104117,"deciduousForest"
"STEI","STEI_029",45.833541,-90.073445,"mixedForest"
"STEI","STEI_006",45.817458,-90.078389,"deciduousForest"
"STEI","STEI_025",45.81404,-90.094402,"mixedForest"
"STEI","STEI_001",45.812246,-90.092743,"deciduousForest"
"STEI","STEI_024",45.835999,-90.072824,"woodyWetlands"
"STEI","STEI_014",45.816395,-90.06827,"deciduousForest"
"STEI","STEI_028",45.815148,-90.064339,"woodyWetlands"
"STEI","STEI_030",45.827049,-90.094336,"mixedForest"
"STEI","STEI_021",45.834307,-90.085088,"woodyWetlands"
"TREE","TREE_060",45.498289,-89.568055,"evergreenForest"
"TREE","TREE_018",45.493691,-89.567838,"evergreenForest"
"TREE","TREE_016",45.495625,-89.566391,"deciduousForest"
"TREE","TREE_026",45.494267,-89.554434,"mixedForest"
"TREE","TREE_024",45.489236,-89.549989,"evergreenForest"
"TREE","TREE_003",45.490243,-89.577675,"deciduousForest"
"TREE","TREE_020",45.492521,-89.560121,"deciduousForest"
"TREE","TREE_023",45.488111,-89.551853,"mixedForest"
"TREE","TREE_021",45.496656,-89.567981,"deciduousForest"
"TREE","TREE_012",45.491401,-89.573517,"woodyWetlands"
"TREE","TREE_017",45.492422,-89.576619,"deciduousForest"
"TREE","TREE_013",45.485891,-89.578606,"woodyWetlands"
"TREE","TREE_041",45.494189,-89.587995,"deciduousForest"
"TREE","TREE_049",45.493852,-89.591026,"deciduousForest"
"TREE","TREE_046",45.49355,-89.592162,"deciduousForest"
"TREE","TREE_022",45.493267,-89.551312,"evergreenForest"
"TREE","TREE_002",45.492353,-89.567781,"woodyWetlands"
"TREE","TREE_004",45.479917,-89.556089,"woodyWetlands"
"TREE","TREE_010",45.494884,-89.56329,"deciduousForest"
"TREE","TREE_019",45.494384,-89.574026,"mixedForest"
"TREE","TREE_001",45.487729,-89.569881,"evergreenForest"
"TREE","TREE_015",45.48697,-89.554887,"mixedForest"
"TREE","TREE_011",45.497234,-89.554554,"woodyWetlands"
"TREE","TREE_005",45.481809,-89.5554,"woodyWetlands"
"TREE","TREE_007",45.496911,-89.557229,"deciduousForest"
"TREE","TREE_008",45.480466,-89.55497,"woodyWetlands"
"TREE","TREE_009",45.485858,-89.569418,"woodyWetlands"
"TREE","TREE_014",45.486646,-89.569452,"mixedForest"
"TREE","TREE_006",45.491627,-89.551228,"mixedForest"
"TREE","TREE_062",45.48203,-89.56961,"evergreenForest"
"TREE","TREE_063",45.483958,-89.558176,"evergreenForest"
"TREE","TREE_065",45.497313,-89.56224,"evergreenForest"
"TREE","TREE_064",45.499011,-89.560389,"evergreenForest"
"UNDE","UNDE_035",46.218532,-89.50791,"mixedForest"
"UNDE","UNDE_013",46.227894,-89.537131,"deciduousForest"
"UNDE","UNDE_003",46.256247,-89.53609,"woodyWetlands"
"UNDE","UNDE_034",46.248534,-89.520942,"mixedForest"
"UNDE","UNDE_014",46.22596,-89.513299,"deciduousForest"
"UNDE","UNDE_032",46.242971,-89.538204,"mixedForest"
"UNDE","UNDE_010",46.237778,-89.541857,"woodyWetlands"
"UNDE","UNDE_011",46.215104,-89.505026,"woodyWetlands"
"UNDE","UNDE_002",46.243102,-89.544805,"woodyWetlands"
"UNDE","UNDE_012",46.236979,-89.504463,"woodyWetlands"
"UNDE","UNDE_017",46.23796,-89.496339,"mixedForest"
"UNDE","UNDE_036",46.253716,-89.516875,"mixedForest"
"UNDE","UNDE_001",46.234625,-89.560771,"deciduousForest"
"UNDE","UNDE_007",46.248716,-89.53615,"deciduousForest"
"UNDE","UNDE_018",46.243048,-89.53471,"woodyWetlands"
"UNDE","UNDE_015",46.231237,-89.506506,"woodyWetlands"
"UNDE","UNDE_006",46.254613,-89.512657,"deciduousForest"
"UNDE","UNDE_008",46.256193,-89.515052,"mixedForest"
"UNDE","UNDE_027",46.210824,-89.49004,"deciduousForest"
"UNDE","UNDE_020",46.207506,-89.481736,"woodyWetlands"
"UNDE","UNDE_030",46.234502,-89.518756,"deciduousForest"
"UNDE","UNDE_021",46.218464,-89.5118,"woodyWetlands"
"UNDE","UNDE_029",46.251554,-89.516809,"deciduousForest"
"UNDE","UNDE_023",46.230008,-89.501807,"woodyWetlands"
"UNDE","UNDE_022",46.230668,-89.56955,"woodyWetlands"
"UNDE","UNDE_028",46.256879,-89.545066,"deciduousForest"
"UNDE","UNDE_025",46.234098,-89.573198,"woodyWetlands"
"UNDE","UNDE_016",46.24597,-89.525485,"woodyWetlands"
"UNDE","UNDE_024",46.215356,-89.516732,"woodyWetlands"
"UNDE","UNDE_037",46.231276,-89.541941,"mixedForest"
"UNDE","UNDE_043",46.234247,-89.542459,"deciduousForest"
"UNDE","UNDE_038",46.232249,-89.534573,"woodyWetlands"
"UNDE","UNDE_077",46.247265,-89.539571,"mixedForest"
"UNDE","UNDE_019",46.258243,-89.543562,"deciduousForest"
"UNDE","UNDE_044",46.231744,-89.53264,NA
"KONA","KONA_022",39.228185,-96.591613,"cultivatedCrops"
"KONA","KONA_003",39.215287,-96.599283,"cultivatedCrops"
"KONA","KONA_015",39.214927,-96.595022,"cultivatedCrops"
"KONA","KONA_001",39.215958,-96.594339,"cultivatedCrops"
"KONA","KONA_023",39.21649,-96.595634,"cultivatedCrops"
"KONA","KONA_048",39.108044,-96.612665,"cultivatedCrops"
"KONA","KONA_057",39.108366,-96.614399,"cultivatedCrops"
"KONA","KONA_014",39.215594,-96.601254,"cultivatedCrops"
"KONA","KONA_008",39.21712,-96.600871,"cultivatedCrops"
"KONA","KONA_054",39.111555,-96.611503,"cultivatedCrops"
"KONA","KONA_019",39.213041,-96.589511,"cultivatedCrops"
"KONA","KONA_010",39.125589,-96.639109,"cultivatedCrops"
"KONA","KONA_004",39.124272,-96.637853,"cultivatedCrops"
"KONA","KONA_007",39.119701,-96.638655,"cultivatedCrops"
"KONA","KONA_016",39.120699,-96.638276,"cultivatedCrops"
"KONA","KONA_013",39.126668,-96.64202,"cultivatedCrops"
"KONA","KONA_018",39.117872,-96.638036,"cultivatedCrops"
"KONA","KONA_020",39.126594,-96.639075,"cultivatedCrops"
"KONA","KONA_006",39.124964,-96.647329,"cultivatedCrops"
"KONA","KONA_027",39.123842,-96.642124,"cultivatedCrops"
"KONA","KONA_021",39.125641,-96.642058,"cultivatedCrops"
"KONA","KONA_028",39.124585,-96.641109,"cultivatedCrops"
"KONA","KONA_009",39.125694,-96.64534,"cultivatedCrops"
"KONA","KONA_012",39.12255,-96.641186,"cultivatedCrops"
"KONA","KONA_011",39.223125,-96.595404,"cultivatedCrops"
"KONA","KONA_025",39.146165,-96.632497,"cultivatedCrops"
"KONA","KONA_026",39.222378,-96.59609,"cultivatedCrops"
"KONA","KONA_002",39.115597,-96.638463,"cultivatedCrops"
"KONA","KONA_017",39.227868,-96.589979,"cultivatedCrops"
"KONA","KONA_029",39.226857,-96.59036,"cultivatedCrops"
"KONA","KONA_005",39.221583,-96.582637,"cultivatedCrops"
"KONA","KONA_030",39.126474,-96.644988,"cultivatedCrops"
"KONA","KONA_032",39.126956,-96.643663,"cultivatedCrops"
"KONA","KONA_035",39.210049,-96.592549,"cultivatedCrops"
"KONA","KONA_024",39.209812,-96.594206,"cultivatedCrops"
"KONZ","KONZ_042",39.09957,-96.564404,"grasslandHerbaceous"
"KONZ","KONZ_045",39.103827,-96.561811,"grasslandHerbaceous"
"KONZ","KONZ_043",39.102192,-96.56118,"grasslandHerbaceous"
"KONZ","KONZ_006",39.07116,-96.58894,"grasslandHerbaceous"
"KONZ","KONZ_009",39.107315,-96.585981,"grasslandHerbaceous"
"KONZ","KONZ_014",39.1095,-96.561283,"grasslandHerbaceous"
"KONZ","KONZ_005",39.082563,-96.566704,"grasslandHerbaceous"
"KONZ","KONZ_013",39.088085,-96.55852,"grasslandHerbaceous"
"KONZ","KONZ_002",39.119992,-96.546015,"grasslandHerbaceous"
"KONZ","KONZ_022",39.098104,-96.546418,"grasslandHerbaceous"
"KONZ","KONZ_028",39.1044,-96.576049,"deciduousForest"
"KONZ","KONZ_001",39.075067,-96.555874,"grasslandHerbaceous"
"KONZ","KONZ_023",39.078426,-96.548483,"grasslandHerbaceous"
"KONZ","KONZ_003",39.088076,-96.570347,"grasslandHerbaceous"
"KONZ","KONZ_007",39.086976,-96.544716,"grasslandHerbaceous"
"KONZ","KONZ_020",39.090612,-96.562599,"grasslandHerbaceous"
"KONZ","KONZ_010",39.073755,-96.571173,"grasslandHerbaceous"
"KONZ","KONZ_012",39.084519,-96.582247,"grasslandHerbaceous"
"KONZ","KONZ_011",39.106213,-96.597472,"grasslandHerbaceous"
"KONZ","KONZ_025",39.103998,-96.596161,"deciduousForest"
"KONZ","KONZ_021",39.094821,-96.597155,"grasslandHerbaceous"
"KONZ","KONZ_016",39.092147,-96.584061,"grasslandHerbaceous"
"KONZ","KONZ_027",39.1008,-96.585472,"deciduousForest"
"KONZ","KONZ_008",39.108081,-96.545368,"grasslandHerbaceous"
"KONZ","KONZ_024",39.110903,-96.552209,"deciduousForest"
"KONZ","KONZ_030",39.103894,-96.577407,"deciduousForest"
"KONZ","KONZ_015",39.087283,-96.611625,"grasslandHerbaceous"
"KONZ","KONZ_017",39.106074,-96.578722,"grasslandHerbaceous"
"KONZ","KONZ_029",39.098959,-96.601546,"deciduousForest"
"KONZ","KONZ_019",39.107533,-96.558219,"grasslandHerbaceous"
"KONZ","KONZ_026",39.089051,-96.578636,"deciduousForest"
"KONZ","KONZ_018",39.081578,-96.557384,"grasslandHerbaceous"
"KONZ","KONZ_004",39.110568,-96.550145,"grasslandHerbaceous"
"UKFS","UKFS_043",39.035201,-95.194409,"deciduousForest"
"UKFS","UKFS_032",39.041659,-95.19703,"deciduousForest"
"UKFS","UKFS_031",39.036615,-95.192035,"deciduousForest"
"UKFS","UKFS_007",39.037233,-95.205279,"deciduousForest"
"UKFS","UKFS_004",39.043184,-95.202721,"deciduousForest"
"UKFS","UKFS_005",39.054509,-95.204735,"deciduousForest"
"UKFS","UKFS_010",39.052686,-95.185979,"deciduousForest"
"UKFS","UKFS_025",39.055332,-95.189541,"grasslandHerbaceous"
"UKFS","UKFS_009",39.045354,-95.201392,"grasslandHerbaceous"
"UKFS","UKFS_013",39.052723,-95.198461,"deciduousForest"
"UKFS","UKFS_026",39.048635,-95.201118,"grasslandHerbaceous"
"UKFS","UKFS_018",39.053113,-95.192935,"grasslandHerbaceous"
"UKFS","UKFS_002",39.046329,-95.208663,"deciduousForest"
"UKFS","UKFS_001",39.037623,-95.196953,"deciduousForest"
"UKFS","UKFS_020",39.041884,-95.201236,"deciduousForest"
"UKFS","UKFS_016",39.042666,-95.188442,"deciduousForest"
"UKFS","UKFS_023",39.036719,-95.201452,"deciduousForest"
"UKFS","UKFS_006",39.033807,-95.198575,"deciduousForest"
"UKFS","UKFS_019",39.031699,-95.195736,"deciduousForest"
"UKFS","UKFS_027",39.047411,-95.208356,"grasslandHerbaceous"
"UKFS","UKFS_011",39.032382,-95.18811,"deciduousForest"
"UKFS","UKFS_012",39.045695,-95.198263,"deciduousForest"
"UKFS","UKFS_008",39.033692,-95.189911,"deciduousForest"
"UKFS","UKFS_024",39.041004,-95.189125,"deciduousForest"
"UKFS","UKFS_014",39.039804,-95.195979,"deciduousForest"
"UKFS","UKFS_022",39.031785,-95.190869,"deciduousForest"
"UKFS","UKFS_015",39.0537,-95.204399,"deciduousForest"
"UKFS","UKFS_003",39.052642,-95.188064,"deciduousForest"
"UKFS","UKFS_028",39.047512,-95.202459,"grasslandHerbaceous"
"UKFS","UKFS_029",39.046041,-95.21039,"grasslandHerbaceous"
"UKFS","UKFS_030",39.045453,-95.211765,"grasslandHerbaceous"
"UKFS","UKFS_021",39.056126,-95.204458,"deciduousForest"
"UKFS","UKFS_017",39.047564,-95.198344,"deciduousForest"
"GRSM","GRSM_047",35.687618,-83.506289,"deciduousForest"
"GRSM","GRSM_048",35.68586,-83.498951,"deciduousForest"
"GRSM","GRSM_050",35.684969,-83.503885,"deciduousForest"
"GRSM","GRSM_013",35.683384,-83.638159,"deciduousForest"
"GRSM","GRSM_006",35.6789,-83.645325,"deciduousForest"
"GRSM","GRSM_026",35.683538,-83.644152,"evergreenForest"
"GRSM","GRSM_002",35.670427,-83.587378,"deciduousForest"
"GRSM","GRSM_017",35.669925,-83.522396,"deciduousForest"
"GRSM","GRSM_001",35.684589,-83.532102,"deciduousForest"
"GRSM","GRSM_004",35.690178,-83.536321,"deciduousForest"
"GRSM","GRSM_019",35.678734,-83.642356,"deciduousForest"
"GRSM","GRSM_023",35.651393,-83.5139,"deciduousForest"
"GRSM","GRSM_010",35.669842,-83.52603,"deciduousForest"
"GRSM","GRSM_014",35.66449,-83.524234,"deciduousForest"
"GRSM","GRSM_012",35.670778,-83.481653,"deciduousForest"
"GRSM","GRSM_003",35.67661,-83.474563,"deciduousForest"
"GRSM","GRSM_009",35.670878,-83.48998,"deciduousForest"
"GRSM","GRSM_008",35.679121,-83.482275,"deciduousForest"
"GRSM","GRSM_015",35.730398,-83.408575,"deciduousForest"
"GRSM","GRSM_007",35.686866,-83.513992,"deciduousForest"
"GRSM","GRSM_011",35.687348,-83.410274,"deciduousForest"
"GRSM","GRSM_022",35.685732,-83.39795,"deciduousForest"
"GRSM","GRSM_020",35.703464,-83.361003,"deciduousForest"
"GRSM","GRSM_018",35.704934,-83.344121,"deciduousForest"
"GRSM","GRSM_024",35.707279,-83.387962,"deciduousForest"
"GRSM","GRSM_021",35.71969,-83.403287,"deciduousForest"
"GRSM","GRSM_005",35.681406,-83.397816,"deciduousForest"
"GRSM","GRSM_029",35.592538,-83.471993,"evergreenForest"
"GRSM","GRSM_027",35.561217,-83.495854,"evergreenForest"
"GRSM","GRSM_025",35.58978,-83.475516,"evergreenForest"
"GRSM","GRSM_028",35.593162,-83.468367,"evergreenForest"
"GRSM","GRSM_030",35.591133,-83.475234,"evergreenForest"
"GRSM","GRSM_016",35.593016,-83.474652,"evergreenForest"
"GRSM","GRSM_058",35.691954,-83.505443,"deciduousForest"
"GRSM","GRSM_055",35.685523,-83.502232,"deciduousForest"
"GRSM","GRSM_059",35.686509,-83.506609,"deciduousForest"
"GRSM","GRSM_072",35.675932,-83.481157,"deciduousForest"
"MLBS","MLBS_063",37.377486,-80.527932,"deciduousForest"
"MLBS","MLBS_061",37.376631,-80.5198,"deciduousForest"
"MLBS","MLBS_064",37.37556,-80.5202,"deciduousForest"
"MLBS","MLBS_003",37.368528,-80.526975,"deciduousForest"
"MLBS","MLBS_009",37.374434,-80.518487,"deciduousForest"
"MLBS","MLBS_001",37.3607,-80.524992,"deciduousForest"
"MLBS","MLBS_011",37.359448,-80.521143,"deciduousForest"
"MLBS","MLBS_012",37.357284,-80.522508,"deciduousForest"
"MLBS","MLBS_002",37.372058,-80.524252,"deciduousForest"
"MLBS","MLBS_024",37.360507,-80.521133,"deciduousForest"
"MLBS","MLBS_017",37.358817,-80.526049,"deciduousForest"
"MLBS","MLBS_005",37.363106,-80.521589,"deciduousForest"
"MLBS","MLBS_031",37.364014,-80.524151,"deciduousForest"
"MLBS","MLBS_010",37.365565,-80.526343,"deciduousForest"
"MLBS","MLBS_022",37.363752,-80.526185,"deciduousForest"
"MLBS","MLBS_019",37.42436,-80.551226,"deciduousForest"
"MLBS","MLBS_016",37.415022,-80.574956,"deciduousForest"
"MLBS","MLBS_015",37.414692,-80.568195,"deciduousForest"
"MLBS","MLBS_014",37.417102,-80.557337,"deciduousForest"
"MLBS","MLBS_027",37.414975,-80.570564,"deciduousForest"
"MLBS","MLBS_029",37.412017,-80.572258,"deciduousForest"
"MLBS","MLBS_026",37.410665,-80.573299,"deciduousForest"
"MLBS","MLBS_013",37.432507,-80.559608,"deciduousForest"
"MLBS","MLBS_020",37.427133,-80.568447,"deciduousForest"
"MLBS","MLBS_006",37.426799,-80.564064,"deciduousForest"
"MLBS","MLBS_030",37.430103,-80.508172,"deciduousForest"
"MLBS","MLBS_025",37.432781,-80.565709,"deciduousForest"
"MLBS","MLBS_007",37.427946,-80.571837,"deciduousForest"
"MLBS","MLBS_008",37.426865,-80.499069,"deciduousForest"
"MLBS","MLBS_018",37.426259,-80.489231,"deciduousForest"
"MLBS","MLBS_023",37.428212,-80.504106,"deciduousForest"
"MLBS","MLBS_028",37.427896,-80.490554,"deciduousForest"
"MLBS","MLBS_004",37.429342,-80.511896,"deciduousForest"
"MLBS","MLBS_021",37.426366,-80.516305,"deciduousForest"
"ORNL","ORNL_031",35.948606,-84.221912,"pastureHay"
"ORNL","ORNL_035",35.974771,-84.350404,"evergreenForest"
"ORNL","ORNL_044",35.95454,-84.220065,"pastureHay"
"ORNL","ORNL_002",35.982199,-84.212753,"deciduousForest"
"ORNL","ORNL_021",35.95564,-84.221346,"pastureHay"
"ORNL","ORNL_047",35.952357,-84.219806,"pastureHay"
"ORNL","ORNL_048",35.952578,-84.217798,"pastureHay"
"ORNL","ORNL_001",35.930248,-84.270109,"deciduousForest"
"ORNL","ORNL_003",35.965875,-84.230646,"deciduousForest"
"ORNL","ORNL_018",35.933929,-84.276978,"deciduousForest"
"ORNL","ORNL_004",35.907944,-84.275214,"deciduousForest"
"ORNL","ORNL_027",35.916313,-84.263286,"evergreenForest"
"ORNL","ORNL_006",35.938227,-84.32368,"deciduousForest"
"ORNL","ORNL_015",35.965463,-84.236993,"deciduousForest"
"ORNL","ORNL_008",35.93276,-84.332543,"deciduousForest"
"ORNL","ORNL_012",35.953019,-84.248359,"deciduousForest"
"ORNL","ORNL_010",35.953307,-84.332168,"deciduousForest"
"ORNL","ORNL_033",35.961718,-84.226799,"evergreenForest"
"ORNL","ORNL_040",35.975905,-84.303477,"evergreenForest"
"ORNL","ORNL_032",35.944521,-84.326487,"evergreenForest"
"ORNL","ORNL_036",35.965431,-84.284193,"deciduousForest"
"ORNL","ORNL_019",35.943431,-84.31456,"deciduousForest"
"ORNL","ORNL_041",35.950771,-84.389447,"evergreenForest"
"ORNL","ORNL_009",35.974464,-84.227994,"deciduousForest"
"ORNL","ORNL_007",35.925371,-84.329755,"deciduousForest"
"ORNL","ORNL_017",35.976845,-84.297431,"deciduousForest"
"ORNL","ORNL_014",35.939979,-84.305649,"deciduousForest"
"ORNL","ORNL_029",35.95765,-84.261843,"evergreenForest"
"ORNL","ORNL_046",35.964418,-84.285882,"deciduousForest"
"ORNL","ORNL_049",35.964792,-84.278894,"deciduousForest"
"ORNL","ORNL_067",35.954178,-84.286904,"deciduousForest"
"ORNL","ORNL_068",35.926134,-84.426835,"deciduousForest"
"ORNL","ORNL_053",35.965252,-84.286859,"deciduousForest"
"ORNL","ORNL_066",35.953429,-84.218426,"pastureHay"
"DELA","DELA_040",32.538802,-87.804522,"woodyWetlands"
"DELA","DELA_017",32.53257,-87.806696,"woodyWetlands"
"DELA","DELA_004",32.531982,-87.81434,"woodyWetlands"
"DELA","DELA_037",32.539627,-87.801968,"woodyWetlands"
"DELA","DELA_012",32.531168,-87.816626,"woodyWetlands"
"DELA","DELA_015",32.52874,-87.813389,"woodyWetlands"
"DELA","DELA_014",32.529789,-87.818194,"evergreenForest"
"DELA","DELA_029",32.529808,-87.810523,"evergreenForest"
"DELA","DELA_006",32.533913,-87.803842,"woodyWetlands"
"DELA","DELA_002",32.532479,-87.818534,"woodyWetlands"
"DELA","DELA_009",32.534101,-87.816942,"woodyWetlands"
"DELA","DELA_003",32.534942,-87.815024,"woodyWetlands"
"DELA","DELA_011",32.520324,-87.817128,"woodyWetlands"
"DELA","DELA_005",32.523355,-87.814626,"woodyWetlands"
"DELA","DELA_020",32.538834,-87.801338,"woodyWetlands"
"DELA","DELA_023",32.541444,-87.812539,"woodyWetlands"
"DELA","DELA_021",32.526812,-87.819123,"woodyWetlands"
"DELA","DELA_010",32.540456,-87.800089,"woodyWetlands"
"DELA","DELA_027",32.538459,-87.809949,"evergreenForest"
"DELA","DELA_007",32.538023,-87.801,"woodyWetlands"
"DELA","DELA_022",32.541156,-87.816365,"woodyWetlands"
"DELA","DELA_030",32.533085,-87.810205,"evergreenForest"
"DELA","DELA_019",32.536383,-87.802597,"woodyWetlands"
"DELA","DELA_028",32.535497,-87.811463,"evergreenForest"
"DELA","DELA_013",32.540611,-87.817309,"woodyWetlands"
"DELA","DELA_018",32.540987,-87.799108,"woodyWetlands"
"DELA","DELA_026",32.534432,-87.8112,"evergreenForest"
"DELA","DELA_008",32.540078,-87.814098,"woodyWetlands"
"DELA","DELA_024",32.525211,-87.817496,"woodyWetlands"
"DELA","DELA_025",32.535528,-87.809901,"evergreenForest"
"DELA","DELA_016",32.535814,-87.808008,"evergreenForest"
"DELA","DELA_001",32.532072,-87.805439,"woodyWetlands"
"DELA","DELA_038",32.54229,-87.806804,"woodyWetlands"
"DELA","DELA_060",32.520017,-87.820352,"woodyWetlands"
"DELA","DELA_061",32.530083,-87.816916,"woodyWetlands"
"DELA","DELA_062",32.536853,-87.814117,"woodyWetlands"
"DELA","DELA_063",32.540635,-87.813161,"woodyWetlands"
"LENO","LENO_063",31.855414,-88.160393,"deciduousForest"
"LENO","LENO_061",31.857544,-88.163277,"woodyWetlands"
"LENO","LENO_062",31.857054,-88.161742,"woodyWetlands"
"LENO","LENO_002",31.806908,-88.193888,"woodyWetlands"
"LENO","LENO_003",31.808316,-88.188214,"deciduousForest"
"LENO","LENO_014",31.810657,-88.19903,"woodyWetlands"
"LENO","LENO_006",31.814261,-88.187361,"woodyWetlands"
"LENO","LENO_008",31.814243,-88.189901,"deciduousForest"
"LENO","LENO_018",31.810782,-88.184743,"woodyWetlands"
"LENO","LENO_013",31.818481,-88.199428,"woodyWetlands"
"LENO","LENO_012",31.80812,-88.179966,"woodyWetlands"
"LENO","LENO_010",31.809125,-88.185679,"deciduousForest"
"LENO","LENO_024",31.819974,-88.185187,"deciduousForest"
"LENO","LENO_004",31.821083,-88.182318,"woodyWetlands"
"LENO","LENO_023",31.808936,-88.179975,"deciduousForest"
"LENO","LENO_009",31.811631,-88.181314,"woodyWetlands"
"LENO","LENO_011",31.825952,-88.183042,"woodyWetlands"
"LENO","LENO_028",31.818801,-88.196903,"woodyWetlands"
"LENO","LENO_022",31.815463,-88.204148,"deciduousForest"
"LENO","LENO_007",31.812516,-88.202238,"deciduousForest"
"LENO","LENO_027",31.817949,-88.202252,"deciduousForest"
"LENO","LENO_026",31.825114,-88.185895,"woodyWetlands"
"LENO","LENO_001",31.824646,-88.177623,"deciduousForest"
"LENO","LENO_015",31.815894,-88.191496,"woodyWetlands"
"LENO","LENO_030",31.810757,-88.190139,"deciduousForest"
"LENO","LENO_019",31.818793,-88.194691,"woodyWetlands"
"LENO","LENO_029",31.830931,-88.171035,"deciduousForest"
"LENO","LENO_025",31.81612,-88.194642,"woodyWetlands"
"LENO","LENO_020",31.824786,-88.192507,"woodyWetlands"
"LENO","LENO_017",31.841773,-88.168348,"woodyWetlands"
"LENO","LENO_016",31.817833,-88.184532,"woodyWetlands"
"LENO","LENO_021",31.83445,-88.170173,"deciduousForest"
"LENO","LENO_005",31.82786,-88.181484,"woodyWetlands"
"TALL","TALL_005",32.897137,-87.397336,"mixedForest"
"TALL","TALL_001",32.977665,-87.432705,"deciduousForest"
"TALL","TALL_002",32.922166,-87.428895,"mixedForest"
"TALL","TALL_003",32.893534,-87.415333,"mixedForest"
"TALL","TALL_051",32.950156,-87.397294,"mixedForest"
"TALL","TALL_012",32.919044,-87.397457,"mixedForest"
"TALL","TALL_018",32.916368,-87.389763,"evergreenForest"
"TALL","TALL_006",32.898842,-87.446131,"evergreenForest"
"TALL","TALL_007",32.974426,-87.42694,"deciduousForest"
"TALL","TALL_008",32.921617,-87.433389,"deciduousForest"
"TALL","TALL_009",32.899787,-87.406687,"evergreenForest"
"TALL","TALL_004",32.957884,-87.432614,"evergreenForest"
"TALL","TALL_010",32.926835,-87.418704,"deciduousForest"
"TALL","TALL_032",32.910318,-87.420834,"mixedForest"
"TALL","TALL_011",32.956315,-87.410146,"deciduousForest"
"TALL","TALL_013",32.884748,-87.454392,"evergreenForest"
"TALL","TALL_015",32.916737,-87.437886,"deciduousForest"
"TALL","TALL_016",32.970408,-87.415018,"evergreenForest"
"TALL","TALL_020",32.955991,-87.42683,"evergreenForest"
"TALL","TALL_017",32.91006,-87.40866,"mixedForest"
"TALL","TALL_019",32.91834,-87.446198,"mixedForest"
"TALL","TALL_027",32.891309,-87.431342,"deciduousForest"
"TALL","TALL_031",32.899318,-87.389034,"evergreenForest"
"TALL","TALL_024",32.924117,-87.421562,"deciduousForest"
"TALL","TALL_023",32.929576,-87.411967,"deciduousForest"
"TALL","TALL_044",32.952869,-87.397606,"evergreenForest"
"TALL","TALL_054",32.948795,-87.397268,"evergreenForest"
"TALL","TALL_026",32.899916,-87.449049,"evergreenForest"
"TALL","TALL_030",32.954489,-87.403417,"mixedForest"
"TALL","TALL_021",32.950118,-87.407534,"evergreenForest"
"TALL","TALL_025",32.899566,-87.396378,"mixedForest"
"TALL","TALL_022",32.904182,-87.392259,"deciduousForest"
"TALL","TALL_064",32.959807,-87.425248,"mixedForest"
"TALL","TALL_029",32.901599,-87.432036,"mixedForest"
"DCFS","DCFS_004",47.171565,-99.051268,"grasslandHerbaceous"
"DCFS","DCFS_006",47.173174,-99.05087,"grasslandHerbaceous"
"DCFS","DCFS_020",47.169401,-99.056798,"grasslandHerbaceous"
"DCFS","DCFS_012",47.16941,-99.058774,"grasslandHerbaceous"
"DCFS","DCFS_007",47.163429,-99.115691,"grasslandHerbaceous"
"DCFS","DCFS_014",47.119264,-99.057536,"grasslandHerbaceous"
"DCFS","DCFS_001",47.207842,-99.16681,"grasslandHerbaceous"
"DCFS","DCFS_016",47.156969,-99.114094,"grasslandHerbaceous"
"DCFS","DCFS_008",47.163711,-99.118452,"grasslandHerbaceous"
"DCFS","DCFS_017",47.155614,-99.108154,"grasslandHerbaceous"
"DCFS","DCFS_015",47.154005,-99.111308,"grasslandHerbaceous"
"DCFS","DCFS_022",47.155078,-99.10658,"grasslandHerbaceous"
"DCFS","DCFS_025",47.158836,-99.112506,"grasslandHerbaceous"
"DCFS","DCFS_028",47.173178,-99.054847,"grasslandHerbaceous"
"DCFS","DCFS_019",47.19786,-99.174701,"grasslandHerbaceous"
"DCFS","DCFS_003",47.206173,-99.184204,"grasslandHerbaceous"
"DCFS","DCFS_029",47.199472,-99.173897,"grasslandHerbaceous"
"DCFS","DCFS_030",47.171017,-99.056402,"grasslandHerbaceous"
"DCFS","DCFS_024",47.169133,-99.053236,"grasslandHerbaceous"
"DCFS","DCFS_065",47.160965,-99.11068,"grasslandHerbaceous"
"DCFS","DCFS_011",47.202167,-99.173924,"grasslandHerbaceous"
"DCFS","DCFS_005",47.19814,-99.166392,"grasslandHerbaceous"
"DCFS","DCFS_026",47.199748,-99.167586,"grasslandHerbaceous"
"DCFS","DCFS_062",47.162314,-99.110281,"grasslandHerbaceous"
"DCFS","DCFS_018",47.204349,-99.166399,"grasslandHerbaceous"
"DCFS","DCFS_021",47.203511,-99.173129,"grasslandHerbaceous"
"DCFS","DCFS_013",47.205682,-99.171564,"grasslandHerbaceous"
"DCFS","DCFS_027",47.20566,-99.175504,"grasslandHerbaceous"
"DCFS","DCFS_023",47.210807,-99.170778,"grasslandHerbaceous"
"DCFS","DCFS_010",47.209998,-99.171961,"grasslandHerbaceous"
"DCFS","DCFS_002",47.207302,-99.169577,"grasslandHerbaceous"
"DCFS","DCFS_009",47.210512,-99.185022,"grasslandHerbaceous"
"DCFS","DCFS_063",47.16475,-99.110683,"grasslandHerbaceous"
"NOGP","NOGP_015",46.785603,-100.911927,"grasslandHerbaceous"
"NOGP","NOGP_023",46.786461,-100.910403,"grasslandHerbaceous"
"NOGP","NOGP_027",46.788396,-100.907335,"grasslandHerbaceous"
"NOGP","NOGP_005",46.786915,-100.915127,"grasslandHerbaceous"
"NOGP","NOGP_019",46.791632,-100.90823,"grasslandHerbaceous"
"NOGP","NOGP_029",46.789517,-100.921117,"grasslandHerbaceous"
"NOGP","NOGP_028",46.801135,-100.904617,"grasslandHerbaceous"
"NOGP","NOGP_008",46.783513,-100.907936,"grasslandHerbaceous"
"NOGP","NOGP_014",46.80763,-100.903673,"grasslandHerbaceous"
"NOGP","NOGP_030",46.791118,-100.921568,"grasslandHerbaceous"
"NOGP","NOGP_022",46.798173,-100.904137,"grasslandHerbaceous"
"NOGP","NOGP_009",46.801783,-100.914474,"grasslandHerbaceous"
"NOGP","NOGP_020",46.779953,-100.91172,"grasslandHerbaceous"
"NOGP","NOGP_024",46.799269,-100.902581,"grasslandHerbaceous"
"NOGP","NOGP_017",46.792018,-100.916884,"grasslandHerbaceous"
"NOGP","NOGP_041",46.781417,-100.921628,"grasslandHerbaceous"
"NOGP","NOGP_001",46.806092,-100.915421,"grasslandHerbaceous"
"NOGP","NOGP_006",46.769079,-100.916842,"grasslandHerbaceous"
"NOGP","NOGP_002",46.798586,-100.911965,"grasslandHerbaceous"
"NOGP","NOGP_003",46.800934,-100.916415,"grasslandHerbaceous"
"NOGP","NOGP_007",46.811941,-100.904219,"grasslandHerbaceous"
"NOGP","NOGP_062",46.772266,-100.919713,"grasslandHerbaceous"
"NOGP","NOGP_010",46.765843,-100.916361,"grasslandHerbaceous"
"NOGP","NOGP_012",46.786096,-100.915884,"grasslandHerbaceous"
"NOGP","NOGP_011",46.779813,-100.920393,"grasslandHerbaceous"
"NOGP","NOGP_013",46.774433,-100.919404,"grasslandHerbaceous"
"NOGP","NOGP_016",46.781753,-100.917702,"grasslandHerbaceous"
"NOGP","NOGP_021",46.800616,-100.919552,"grasslandHerbaceous"
"NOGP","NOGP_025",46.766302,-100.92106,"grasslandHerbaceous"
"NOGP","NOGP_018",46.764946,-100.921419,"grasslandHerbaceous"
"NOGP","NOGP_026",46.806001,-100.904793,"grasslandHerbaceous"
"NOGP","NOGP_061",46.76806,-100.912511,"grasslandHerbaceous"
"NOGP","NOGP_064",46.770749,-100.913769,"grasslandHerbaceous"
"WOOD","WOOD_007",47.134755,-99.249895,"grasslandHerbaceous"
"WOOD","WOOD_017",47.135031,-99.247919,"grasslandHerbaceous"
"WOOD","WOOD_002",47.136134,-99.232896,"grasslandHerbaceous"
"WOOD","WOOD_014",47.139909,-99.23725,"grasslandHerbaceous"
"WOOD","WOOD_012",47.129131,-99.23405,"grasslandHerbaceous"
"WOOD","WOOD_020",47.136633,-99.255844,"grasslandHerbaceous"
"WOOD","WOOD_009",47.145051,-99.232933,"grasslandHerbaceous"
"WOOD","WOOD_005",47.149339,-99.251928,"grasslandHerbaceous"
"WOOD","WOOD_019",47.146385,-99.244808,"grasslandHerbaceous"
"WOOD","WOOD_006",47.142318,-99.247173,"grasslandHerbaceous"
"WOOD","WOOD_010",47.146681,-99.225413,"grasslandHerbaceous"
"WOOD","WOOD_011",47.129592,-99.263721,"grasslandHerbaceous"
"WOOD","WOOD_004",47.12584,-99.253801,"grasslandHerbaceous"
"WOOD","WOOD_001",47.128258,-99.257768,"grasslandHerbaceous"
"WOOD","WOOD_015",47.151523,-99.231364,"grasslandHerbaceous"
"WOOD","WOOD_016",47.141017,-99.225794,"grasslandHerbaceous"
"WOOD","WOOD_018",47.142657,-99.216702,"grasslandHerbaceous"
"WOOD","WOOD_003",47.118581,-99.239944,"grasslandHerbaceous"
"WOOD","WOOD_013",47.137759,-99.229336,"grasslandHerbaceous"
"WOOD","WOOD_042",47.129092,-99.245921,"grasslandHerbaceous"
"WOOD","WOOD_029",47.120197,-99.241126,"emergentHerbaceousWetlands"
"WOOD","WOOD_030",47.138003,-99.243199,"emergentHerbaceousWetlands"
"WOOD","WOOD_025",47.149296,-99.257096,"emergentHerbaceousWetlands"
"WOOD","WOOD_024",47.151171,-99.262648,"emergentHerbaceousWetlands"
"WOOD","WOOD_023",47.130118,-99.26727,"emergentHerbaceousWetlands"
"WOOD","WOOD_022",47.146348,-99.263444,"emergentHerbaceousWetlands"
"WOOD","WOOD_008",47.142128,-99.21116,"grasslandHerbaceous"
"WOOD","WOOD_021",47.146637,-99.247579,"emergentHerbaceousWetlands"
"WOOD","WOOD_043",47.131002,-99.242763,"grasslandHerbaceous"
"WOOD","WOOD_026",47.151218,-99.25315,"emergentHerbaceousWetlands"
"WOOD","WOOD_028",47.140675,-99.251915,"emergentHerbaceousWetlands"
"WOOD","WOOD_027",47.148243,-99.255109,"emergentHerbaceousWetlands"
"WOOD","WOOD_044",47.12829,-99.243528,"grasslandHerbaceous"
"CPER","CPER_056",40.816756,-104.748161,NA
"CPER","CPER_066",40.816751,-104.749576,NA
"CPER","CPER_057",40.817822,-104.74493,NA
"CPER","CPER_049",40.817272,-104.74458,NA
"CPER","CPER_052",40.817276,-104.745643,NA
"CPER","CPER_070",40.817815,-104.744224,NA
"CPER","CPER_072",40.817821,-104.746715,NA
"CPER","CPER_060",40.817273,-104.746358,NA
"CPER","CPER_045",40.817292,-104.750288,"grasslandHerbaceous"
"CPER","CPER_053",40.817842,-104.749919,NA
"CPER","CPER_059",40.817554,-104.748855,NA
"CPER","CPER_064",40.818358,-104.745994,NA
"CPER","CPER_047",40.818371,-104.746715,"grasslandHerbaceous"
"CPER","CPER_050",40.818645,-104.744577,NA
"CPER","CPER_067",40.818646,-104.745295,NA
"CPER","CPER_063",40.818369,-104.747802,NA
"CPER","CPER_065",40.818362,-104.743864,NA
"CPER","CPER_010",40.85001,-104.681398,"grasslandHerbaceous"
"CPER","CPER_001",40.850866,-104.699535,"grasslandHerbaceous"
"CPER","CPER_007",40.861915,-104.683832,"grasslandHerbaceous"
"CPER","CPER_005",40.853093,-104.728006,"grasslandHerbaceous"
"CPER","CPER_009",40.82612,-104.745903,"grasslandHerbaceous"
"CPER","CPER_003",40.818451,-104.707164,"grasslandHerbaceous"
"CPER","CPER_004",40.81275,-104.696873,"grasslandHerbaceous"
"CPER","CPER_002",40.810934,-104.729248,"grasslandHerbaceous"
"CPER","CPER_008",40.798822,-104.749212,"grasslandHerbaceous"
"CPER","CPER_006",40.814769,-104.748078,"grasslandHerbaceous"
"CPER","CPER_025",40.813277,-104.688336,"grasslandHerbaceous"
"CPER","CPER_041",40.85877,-104.732265,"grasslandHerbaceous"
"CPER","CPER_034",40.849796,-104.702393,"grasslandHerbaceous"
"CPER","CPER_017",40.856261,-104.691691,"grasslandHerbaceous"
"CPER","CPER_035",40.792755,-104.705138,"grasslandHerbaceous"
"CPER","CPER_020",40.785746,-104.707657,"grasslandHerbaceous"
"CPER","CPER_030",40.798116,-104.684496,"grasslandHerbaceous"
"CPER","CPER_018",40.825715,-104.695047,"grasslandHerbaceous"
"CPER","CPER_031",40.827098,-104.707129,"grasslandHerbaceous"
"CPER","CPER_040",40.815676,-104.688673,"grasslandHerbaceous"
"CPER","CPER_039",40.823845,-104.702847,"grasslandHerbaceous"
"CPER","CPER_019",40.824819,-104.785759,"grasslandHerbaceous"
"CPER","CPER_014",40.807905,-104.697947,"grasslandHerbaceous"
"CPER","CPER_024",40.832243,-104.712796,"grasslandHerbaceous"
"CPER","CPER_022",40.842486,-104.698179,"grasslandHerbaceous"
"CPER","CPER_013",40.821979,-104.71284,"grasslandHerbaceous"
"CPER","CPER_037",40.845179,-104.697802,"grasslandHerbaceous"
"CPER","CPER_027",40.810071,-104.703275,"grasslandHerbaceous"
"CPER","CPER_029",40.826143,-104.770812,"grasslandHerbaceous"
"CPER","CPER_028",40.793163,-104.75919,"grasslandHerbaceous"
"CPER","CPER_012",40.802126,-104.771251,"grasslandHerbaceous"
"CPER","CPER_023",40.800962,-104.741743,"grasslandHerbaceous"
"CPER","CPER_033",40.816685,-104.76693,"grasslandHerbaceous"
"CPER","CPER_021",40.847985,-104.742282,"grasslandHerbaceous"
"CPER","CPER_015",40.853133,-104.744736,"grasslandHerbaceous"
"CPER","CPER_036",40.83688,-104.730565,"grasslandHerbaceous"
"CPER","CPER_026",40.808829,-104.758776,"grasslandHerbaceous"
"CPER","CPER_016",40.804501,-104.756306,"grasslandHerbaceous"
"CPER","CPER_011",40.866286,-104.703366,"grasslandHerbaceous"
"CPER","CPER_061",40.818121,-104.750648,NA
"CPER","CPER_062",40.817267,-104.747786,NA
"CPER","CPER_046",40.817297,-104.747096,"grasslandHerbaceous"
"CPER","CPER_073",40.819188,-104.744585,NA
"CPER","CPER_068",40.819722,-104.744935,NA
"CPER","CPER_055",40.819185,-104.745645,NA
"CPER","CPER_069",40.818644,-104.749581,NA
"CPER","CPER_058",40.820271,-104.745646,NA
"CPER","CPER_074",40.820001,-104.746711,NA
"CPER","CPER_071",40.819728,-104.74564,NA
"CPER","CPER_048",40.818931,-104.748858,NA
"CPER","CPER_054",40.818898,-104.748128,NA
"CPER","CPER_051",40.818106,-104.748495,NA
"CPER","CPER_038",40.81013,-104.72817,"grasslandHerbaceous"
"RMNP","RMNP_030",40.151424,-105.472992,"evergreenForest"
"RMNP","RMNP_016",40.154382,-105.475488,"evergreenForest"
"RMNP","RMNP_013",40.196781,-105.486722,"evergreenForest"
"RMNP","RMNP_028",40.15492,-105.538905,"evergreenForest"
"RMNP","RMNP_019",40.195931,-105.491303,"evergreenForest"
"RMNP","RMNP_006",40.158144,-105.543533,"evergreenForest"
"RMNP","RMNP_014",40.161428,-105.53438,"evergreenForest"
"RMNP","RMNP_011",40.203699,-105.512508,"evergreenForest"
"RMNP","RMNP_012",40.156545,-105.535747,"evergreenForest"
"RMNP","RMNP_021",40.158459,-105.539283,"evergreenForest"
"RMNP","RMNP_026",40.165218,-105.532299,"evergreenForest"
"RMNP","RMNP_023",40.188464,-105.534931,"evergreenForest"
"RMNP","RMNP_005",40.167943,-105.526306,"evergreenForest"
"RMNP","RMNP_008",40.168988,-105.529144,"evergreenForest"
"RMNP","RMNP_004",40.186823,-105.54091,"evergreenForest"
"RMNP","RMNP_010",40.178717,-105.535934,"evergreenForest"
"RMNP","RMNP_001",40.203348,-105.465976,"evergreenForest"
"RMNP","RMNP_027",40.199842,-105.462776,"evergreenForest"
"RMNP","RMNP_002",40.197386,-105.472276,"evergreenForest"
"RMNP","RMNP_020",40.197385,-105.468403,"evergreenForest"
"RMNP","RMNP_024",40.162749,-105.542483,"evergreenForest"
"RMNP","RMNP_018",40.163833,-105.538996,"evergreenForest"
"RMNP","RMNP_015",40.199554,-105.467005,"evergreenForest"
"RMNP","RMNP_009",40.20327,-105.481127,"evergreenForest"
"RMNP","RMNP_003",40.201376,-105.483575,"evergreenForest"
"RMNP","RMNP_022",40.197023,-105.492709,"evergreenForest"
"RMNP","RMNP_041",40.275899,-105.546756,"evergreenForest"
"RMNP","RMNP_025",40.19867,-105.488849,"evergreenForest"
"RMNP","RMNP_017",40.200008,-105.492732,"evergreenForest"
"RMNP","RMNP_007",40.18087,-105.537712,"evergreenForest"
"RMNP","RMNP_044",40.27733,-105.546207,"evergreenForest"
"RMNP","RMNP_043",40.276827,-105.545384,"evergreenForest"
"RMNP","RMNP_029",40.181689,-105.538407,"evergreenForest"
"STER","STER_007",40.461156,-103.030826,"cultivatedCrops"
"STER","STER_006",40.463935,-103.035332,"cultivatedCrops"
"STER","STER_027",40.480827,-103.018821,"cultivatedCrops"
"STER","STER_026",40.474713,-103.0243,"cultivatedCrops"
"STER","STER_032",40.472029,-103.025102,"cultivatedCrops"
"STER","STER_028",40.473273,-103.018333,"cultivatedCrops"
"STER","STER_029",40.468561,-103.011749,"cultivatedCrops"
"STER","STER_031",40.470725,-103.011685,"cultivatedCrops"
"STER","STER_016",40.463856,-103.030754,"cultivatedCrops"
"STER","STER_011",40.461168,-103.031538,"cultivatedCrops"
"STER","STER_012",40.460053,-103.029801,"cultivatedCrops"
"CLBJ","CLBJ_003",33.403989,-97.572744,"deciduousForest"
"CLBJ","CLBJ_002",33.40398,-97.571138,"deciduousForest"
"CLBJ","CLBJ_001",33.397987,-97.568339,"deciduousForest"
"CLBJ","CLBJ_036",33.397578,-97.57995,"grasslandHerbaceous"
"CLBJ","CLBJ_042",33.371534,-97.597793,"deciduousForest"
"CLBJ","CLBJ_051",33.369609,-97.594595,"deciduousForest"
"CLBJ","CLBJ_037",33.322109,-97.58278,"grasslandHerbaceous"
"CLBJ","CLBJ_034",33.321251,-97.57765,"grasslandHerbaceous"
"CLBJ","CLBJ_039",33.329427,-97.583638,"grasslandHerbaceous"
"CLBJ","CLBJ_035",33.329927,-97.579437,"grasslandHerbaceous"
"CLBJ","CLBJ_050",33.379385,-97.622498,"grasslandHerbaceous"
"CLBJ","CLBJ_033",33.380971,-97.620209,"deciduousForest"
"CLBJ","CLBJ_043",33.409931,-97.595224,"deciduousForest"
"CLBJ","CLBJ_038",33.414259,-97.597098,"deciduousForest"
"CLBJ","CLBJ_041",33.410931,-97.662009,"grasslandHerbaceous"
"CLBJ","CLBJ_044",33.416293,-97.657079,"grasslandHerbaceous"
"CLBJ","CLBJ_040",33.378824,-97.646691,"deciduousForest"
"CLBJ","CLBJ_045",33.403397,-97.568252,"deciduousForest"
"CLBJ","CLBJ_046",33.403571,-97.58341,"deciduousForest"
"CLBJ","CLBJ_032",33.406134,-97.593996,"grasslandHerbaceous"
"CLBJ","CLBJ_054",33.408388,-97.603648,"deciduousForest"
"CLBJ","CLBJ_049",33.413367,-97.635828,"deciduousForest"
"CLBJ","CLBJ_031",33.375278,-97.595151,"grasslandHerbaceous"
"CLBJ","CLBJ_052",33.399631,-97.619581,"deciduousForest"
"CLBJ","CLBJ_053",33.412711,-97.626812,"deciduousForest"
"CLBJ","CLBJ_047",33.3832,-97.602762,"grasslandHerbaceous"
"CLBJ","CLBJ_058",33.374568,-97.578391,"deciduousForest"
"CLBJ","CLBJ_055",33.32094,-97.574434,"grasslandHerbaceous"
"CLBJ","CLBJ_057",33.372827,-97.64129,"deciduousForest"
"CLBJ","CLBJ_056",33.39147,-97.663273,"deciduousForest"
"CLBJ","CLBJ_060",33.377376,-97.635425,"grasslandHerbaceous"
"CLBJ","CLBJ_059",33.37569,-97.631907,"grasslandHerbaceous"
"CLBJ","CLBJ_048",33.392969,-97.579058,"grasslandHerbaceous"
"CLBJ","CLBJ_078",33.412568,-97.613893,"grasslandHerbaceous"
"OAES","OAES_013",35.408094,-99.058566,"grasslandHerbaceous"
"OAES","OAES_044",35.404309,-99.059225,"shrubScrub"
"OAES","OAES_043",35.405108,-99.058568,"grasslandHerbaceous"
"OAES","OAES_042",35.408887,-99.056266,"shrubScrub"
"OAES","OAES_001",35.412699,-99.058259,"grasslandHerbaceous"
"OAES","OAES_005",35.404299,-99.080041,"grasslandHerbaceous"
"OAES","OAES_017",35.409965,-99.061216,"grasslandHerbaceous"
"OAES","OAES_010",35.399175,-99.06056,"grasslandHerbaceous"
"OAES","OAES_014",35.399702,-99.057894,"grasslandHerbaceous"
"OAES","OAES_012",35.402943,-99.064829,"grasslandHerbaceous"
"OAES","OAES_008",35.395379,-99.063188,"grasslandHerbaceous"
"OAES","OAES_021",35.411869,-99.074095,"shrubScrub"
"OAES","OAES_030",35.409948,-99.071457,"shrubScrub"
"OAES","OAES_004",35.41213,-99.085338,"grasslandHerbaceous"
"OAES","OAES_015",35.421331,-99.052968,"grasslandHerbaceous"
"OAES","OAES_006",35.420259,-99.048669,"grasslandHerbaceous"
"OAES","OAES_025",35.418916,-99.047009,"shrubScrub"
"OAES","OAES_002",35.419716,-99.052304,"grasslandHerbaceous"
"OAES","OAES_019",35.40375,-99.077405,"grasslandHerbaceous"
"OAES","OAES_003",35.412139,-99.069792,"grasslandHerbaceous"
"OAES","OAES_022",35.411053,-99.06485,"shrubScrub"
"OAES","OAES_016",35.410784,-99.069142,"grasslandHerbaceous"
"OAES","OAES_018",35.416194,-99.052287,"grasslandHerbaceous"
"OAES","OAES_029",35.41564,-99.04997,"shrubScrub"
"OAES","OAES_024",35.41945,-99.058899,"shrubScrub"
"OAES","OAES_009",35.420795,-99.050317,"shrubScrub"
"OAES","OAES_007",35.419991,-99.057264,"shrubScrub"
"OAES","OAES_028",35.416198,-99.058897,"shrubScrub"
"OAES","OAES_027",35.411886,-99.055596,"shrubScrub"
"OAES","OAES_020",35.401617,-99.05625,"grasslandHerbaceous"
"OAES","OAES_023",35.413507,-99.056933,"shrubScrub"
"OAES","OAES_011",35.400509,-99.069797,"grasslandHerbaceous"
"OAES","OAES_026",35.408361,-99.073776,"shrubScrub"
"YELL","YELL_006",44.971091,-110.562787,"shrubScrub"
"YELL","YELL_018",44.968661,-110.494684,"grasslandHerbaceous"
"YELL","YELL_002",44.932467,-110.634896,"shrubScrub"
"YELL","YELL_020",44.943866,-110.648504,"evergreenForest"
"YELL","YELL_016",44.965771,-110.583711,"grasslandHerbaceous"
"YELL","YELL_013",44.972918,-110.542179,"shrubScrub"
"YELL","YELL_046",44.952363,-110.541582,"evergreenForest"
"YELL","YELL_015",44.919496,-110.38335,"shrubScrub"
"YELL","YELL_004",44.962834,-110.593234,"shrubScrub"
"YELL","YELL_048",44.951273,-110.536649,"evergreenForest"
"YELL","YELL_003",44.954777,-110.533202,"shrubScrub"
"YELL","YELL_011",44.957159,-110.59138,"shrubScrub"
"YELL","YELL_051",44.954277,-110.541571,"shrubScrub"
"YELL","YELL_023",44.938144,-110.63332,"evergreenForest"
"YELL","YELL_026",44.939789,-110.648534,"evergreenForest"
"YELL","YELL_010",44.916045,-110.395165,"shrubScrub"
"YELL","YELL_001",44.917485,-110.410361,"shrubScrub"
"YELL","YELL_008",44.959683,-110.613808,"shrubScrub"
"YELL","YELL_014",44.96698,-110.618703,"shrubScrub"
"YELL","YELL_009",44.970313,-110.501884,"evergreenForest"
"YELL","YELL_005",44.948383,-110.631377,"shrubScrub"
"YELL","YELL_029",44.939773,-110.641312,"evergreenForest"
"YELL","YELL_012",44.944613,-110.433659,"evergreenForest"
"YELL","YELL_007",44.917831,-110.428945,"shrubScrub"
"YELL","YELL_021",44.904015,-110.418459,"evergreenForest"
"YELL","YELL_017",44.936155,-110.418537,"shrubScrub"
"YELL","YELL_019",44.955431,-110.494795,"grasslandHerbaceous"
"YELL","YELL_027",44.961505,-110.598574,"grasslandHerbaceous"
"YELL","YELL_024",44.968096,-110.492027,"grasslandHerbaceous"
"YELL","YELL_022",44.938373,-110.432189,"evergreenForest"
"YELL","YELL_025",44.966541,-110.503423,"grasslandHerbaceous"
"YELL","YELL_028",44.901035,-110.414688,"evergreenForest"
"YELL","YELL_030",44.934141,-110.652759,"evergreenForest"
"YELL","YELL_071",44.932974,-110.429201,"shrubScrub"
"MOAB","MOAB_001",38.257569,-109.413674,"shrubScrub"
"MOAB","MOAB_027",38.278602,-109.351154,"evergreenForest"
"MOAB","MOAB_029",38.275589,-109.348838,"evergreenForest"
"MOAB","MOAB_002",38.210793,-109.414698,"shrubScrub"
"MOAB","MOAB_006",38.236381,-109.406596,"shrubScrub"
"MOAB","MOAB_004",38.233269,-109.397418,"shrubScrub"
"MOAB","MOAB_008",38.230121,-109.385833,"shrubScrub"
"MOAB","MOAB_005",38.21093,-109.403726,"shrubScrub"
"MOAB","MOAB_009",38.258224,-109.423272,"shrubScrub"
"MOAB","MOAB_003",38.261284,-109.349483,"evergreenForest"
"MOAB","MOAB_020",38.244552,-109.391355,"shrubScrub"
"MOAB","MOAB_010",38.25519,-109.37809,"shrubScrub"
"MOAB","MOAB_025",38.269367,-109.347608,"evergreenForest"
"MOAB","MOAB_007",38.265495,-109.34184,"shrubScrub"
"MOAB","MOAB_046",38.248084,-109.392292,"shrubScrub"
"MOAB","MOAB_044",38.24454,-109.389977,"shrubScrub"
"MOAB","MOAB_012",38.241794,-109.387983,"shrubScrub"
"MOAB","MOAB_045",38.245899,-109.390298,"shrubScrub"
"MOAB","MOAB_016",38.206372,-109.407265,"shrubScrub"
"MOAB","MOAB_021",38.204612,-109.39737,"shrubScrub"
"MOAB","MOAB_013",38.233754,-109.392955,"shrubScrub"
"MOAB","MOAB_018",38.232317,-109.406016,"shrubScrub"
"MOAB","MOAB_014",38.230418,-109.405372,"shrubScrub"
"MOAB","MOAB_015",38.254256,-109.427819,"shrubScrub"
"MOAB","MOAB_019",38.272958,-109.411628,"shrubScrub"
"MOAB","MOAB_017",38.252299,-109.38431,"shrubScrub"
"MOAB","MOAB_011",38.26511,-109.411809,"shrubScrub"
"MOAB","MOAB_023",38.234397,-109.380261,"shrubScrub"
"MOAB","MOAB_026",38.275016,-109.346442,"evergreenForest"
"MOAB","MOAB_022",38.232156,-109.374146,"shrubScrub"
"MOAB","MOAB_024",38.26229,-109.344632,"evergreenForest"
"MOAB","MOAB_028",38.270215,-109.350313,"evergreenForest"
"MOAB","MOAB_030",38.266333,-109.344239,"evergreenForest"
"MOAB","MOAB_076",38.256873,-109.422622,"shrubScrub"
"NIWO","NIWO_018",40.052498,-105.584022,"grasslandHerbaceous"
"NIWO","NIWO_013",40.059545,-105.583047,"grasslandHerbaceous"
"NIWO","NIWO_027",40.054439,-105.575608,"grasslandHerbaceous"
"NIWO","NIWO_026",40.049574,-105.572043,"grasslandHerbaceous"
"NIWO","NIWO_003",40.051247,-105.565041,"grasslandHerbaceous"
"NIWO","NIWO_025",40.055538,-105.571758,"grasslandHerbaceous"
"NIWO","NIWO_023",40.056627,-105.569307,"grasslandHerbaceous"
"NIWO","NIWO_008",40.054475,-105.567876,"grasslandHerbaceous"
"NIWO","NIWO_030",40.058367,-105.595337,"grasslandHerbaceous"
"NIWO","NIWO_028",40.057321,-105.593572,"grasslandHerbaceous"
"NIWO","NIWO_029",40.052578,-105.566477,"grasslandHerbaceous"
"NIWO","NIWO_006",40.055052,-105.561551,"grasslandHerbaceous"
"NIWO","NIWO_004",40.043059,-105.581501,"evergreenForest"
"NIWO","NIWO_042",40.04845,-105.584355,"grasslandHerbaceous"
"NIWO","NIWO_040",40.046544,-105.58471,"evergreenForest"
"NIWO","NIWO_041",40.05035,-105.582964,"shrubScrub"
"NIWO","NIWO_015",40.040114,-105.572665,"evergreenForest"
"NIWO","NIWO_005",40.043663,-105.569904,"evergreenForest"
"NIWO","NIWO_002",40.041058,-105.547043,"evergreenForest"
"NIWO","NIWO_017",40.041511,-105.567421,"evergreenForest"
"NIWO","NIWO_021",40.040801,-105.543482,"evergreenForest"
"NIWO","NIWO_010",40.037193,-105.56879,"evergreenForest"
"NIWO","NIWO_016",40.048378,-105.542505,"evergreenForest"
"NIWO","NIWO_014",40.050779,-105.548152,"evergreenForest"
"NIWO","NIWO_019",40.046996,-105.547412,"evergreenForest"
"NIWO","NIWO_011",40.033991,-105.555396,"evergreenForest"
"NIWO","NIWO_022",40.038851,-105.557196,"evergreenForest"
"NIWO","NIWO_020",40.0413,-105.554781,"evergreenForest"
"NIWO","NIWO_012",40.034769,-105.559629,"evergreenForest"
"NIWO","NIWO_009",40.045048,-105.560411,"evergreenForest"
"NIWO","NIWO_001",40.042345,-105.558975,"evergreenForest"
"NIWO","NIWO_007",40.03774,-105.562157,"evergreenForest"
"NIWO","NIWO_024",40.057098,-105.58477,"grasslandHerbaceous"
"JORN","JORN_008",32.593905,-106.797359,"shrubScrub"
"JORN","JORN_045",32.592144,-106.84334,"shrubScrub"
"JORN","JORN_044",32.589481,-106.841383,"shrubScrub"
"JORN","JORN_042",32.590028,-106.840435,"shrubScrub"
"JORN","JORN_009",32.611448,-106.83769,"shrubScrub"
"JORN","JORN_006",32.590562,-106.82446,"shrubScrub"
"JORN","JORN_005",32.575696,-106.803388,"shrubScrub"
"JORN","JORN_014",32.596034,-106.819454,"shrubScrub"
"JORN","JORN_015",32.610623,-106.856854,"shrubScrub"
"JORN","JORN_020",32.597035,-106.844083,"shrubScrub"
"JORN","JORN_003",32.600614,-106.838099,"shrubScrub"
"JORN","JORN_019",32.60073,-106.865294,"shrubScrub"
"JORN","JORN_001",32.60493,-106.802046,"shrubScrub"
"JORN","JORN_010",32.628336,-106.847936,"shrubScrub"
"JORN","JORN_016",32.595944,-106.806665,"shrubScrub"
"JORN","JORN_002",32.611356,-106.826155,"shrubScrub"
"JORN","JORN_018",32.620814,-106.844913,"shrubScrub"
"JORN","JORN_012",32.617485,-106.81411,"shrubScrub"
"JORN","JORN_011",32.606695,-106.793774,"shrubScrub"
"JORN","JORN_017",32.60857,-106.850086,"shrubScrub"
"JORN","JORN_030",32.599449,-106.859794,"shrubScrub"
"JORN","JORN_025",32.60515,-106.860893,"shrubScrub"
"JORN","JORN_021",32.620084,-106.85767,"shrubScrub"
"JORN","JORN_029",32.615142,-106.80704,"shrubScrub"
"JORN","JORN_026",32.602092,-106.830119,"shrubScrub"
"JORN","JORN_024",32.601842,-106.828499,"shrubScrub"
"JORN","JORN_007",32.607919,-106.856765,"shrubScrub"
"JORN","JORN_013",32.630842,-106.862029,"shrubScrub"
"JORN","JORN_004",32.630328,-106.86076,"shrubScrub"
"JORN","JORN_027",32.622379,-106.830886,"shrubScrub"
"JORN","JORN_028",32.583104,-106.814725,"shrubScrub"
"JORN","JORN_022",32.582444,-106.804147,"shrubScrub"
"JORN","JORN_023",32.622325,-106.816156,"shrubScrub"
"SRER","SRER_047",31.910358,-110.838435,"shrubScrub"
"SRER","SRER_043",31.910099,-110.837175,"shrubScrub"
"SRER","SRER_052",31.909531,-110.833359,"shrubScrub"
"SRER","SRER_002",31.870334,-110.856598,"shrubScrub"
"SRER","SRER_023",31.852737,-110.857874,"shrubScrub"
"SRER","SRER_025",31.775902,-110.922617,"shrubScrub"
"SRER","SRER_017",31.892821,-110.889228,"shrubScrub"
"SRER","SRER_018",31.897965,-110.908251,"shrubScrub"
"SRER","SRER_020",31.772365,-110.87637,"shrubScrub"
"SRER","SRER_021",31.790996,-110.855741,"shrubScrub"
"SRER","SRER_028",31.878484,-110.899073,"shrubScrub"
"SRER","SRER_001",31.862142,-110.818853,"shrubScrub"
"SRER","SRER_007",31.897668,-110.874932,"shrubScrub"
"SRER","SRER_015",31.794211,-110.804726,"shrubScrub"
"SRER","SRER_022",31.821406,-110.96285,"shrubScrub"
"SRER","SRER_003",31.840609,-110.917189,"shrubScrub"
"SRER","SRER_029",31.874124,-110.867364,"shrubScrub"
"SRER","SRER_014",31.874117,-110.887014,"shrubScrub"
"SRER","SRER_030",31.91362,-110.831773,"shrubScrub"
"SRER","SRER_004",31.906778,-110.815262,"shrubScrub"
"SRER","SRER_010",31.800537,-110.909297,"shrubScrub"
"SRER","SRER_016",31.905498,-110.847005,"shrubScrub"
"SRER","SRER_006",31.795656,-110.910239,"shrubScrub"
"SRER","SRER_027",31.851347,-110.829981,"shrubScrub"
"SRER","SRER_008",31.867013,-110.81472,"shrubScrub"
"SRER","SRER_019",31.860538,-110.843902,"shrubScrub"
"SRER","SRER_009",31.844582,-110.83473,"shrubScrub"
"SRER","SRER_012",31.870053,-110.85024,"shrubScrub"
"SRER","SRER_005",31.828844,-110.823985,"shrubScrub"
"SRER","SRER_011",31.845427,-110.870885,"shrubScrub"
"SRER","SRER_026",31.833493,-110.84364,"shrubScrub"
"SRER","SRER_024",31.813686,-110.806586,"shrubScrub"
"SRER","SRER_013",31.809753,-110.893755,"shrubScrub"
"ONAQ","ONAQ_019",40.175284,-112.482459,"shrubScrub"
"ONAQ","ONAQ_007",40.212498,-112.467435,"shrubScrub"
"ONAQ","ONAQ_030",40.201643,-112.513697,"evergreenForest"
"ONAQ","ONAQ_029",40.219718,-112.473217,"evergreenForest"
"ONAQ","ONAQ_025",40.145346,-112.538881,"evergreenForest"
"ONAQ","ONAQ_022",40.1703,-112.470016,"shrubScrub"
"ONAQ","ONAQ_023",40.193889,-112.505431,"evergreenForest"
"ONAQ","ONAQ_008",40.15854,-112.521574,"evergreenForest"
"ONAQ","ONAQ_015",40.151789,-112.478445,"shrubScrub"
"ONAQ","ONAQ_012",40.184944,-112.529544,"evergreenForest"
"ONAQ","ONAQ_005",40.180775,-112.431854,"shrubScrub"
"ONAQ","ONAQ_006",40.164707,-112.547061,"evergreenForest"
"ONAQ","ONAQ_021",40.154244,-112.542592,"evergreenForest"
"ONAQ","ONAQ_003",40.205921,-112.430276,"shrubScrub"
"ONAQ","ONAQ_004",40.185938,-112.47248,"shrubScrub"
"ONAQ","ONAQ_014",40.206496,-112.448966,"shrubScrub"
"ONAQ","ONAQ_002",40.193323,-112.464547,"shrubScrub"
"ONAQ","ONAQ_009",40.160802,-112.471249,"shrubScrub"
"ONAQ","ONAQ_027",40.18922,-112.470078,"shrubScrub"
"ONAQ","ONAQ_020",40.182614,-112.43611,"shrubScrub"
"ONAQ","ONAQ_017",40.190515,-112.51523,"evergreenForest"
"ONAQ","ONAQ_011",40.150745,-112.456226,"shrubScrub"
"ONAQ","ONAQ_041",40.174021,-112.45284,"shrubScrub"
"ONAQ","ONAQ_042",40.176674,-112.456785,"shrubScrub"
"ONAQ","ONAQ_043",40.17372,-112.456712,"shrubScrub"
"ONAQ","ONAQ_016",40.175178,-112.446181,"shrubScrub"
"ONAQ","ONAQ_018",40.1972,-112.43782,"shrubScrub"
"ONAQ","ONAQ_024",40.160104,-112.485306,"shrubScrub"
"ONAQ","ONAQ_026",40.164881,-112.44878,"shrubScrub"
"ONAQ","ONAQ_073",40.1811,-112.512553,"evergreenForest"
"ONAQ","ONAQ_028",40.163267,-112.532581,"evergreenForest"
"ONAQ","ONAQ_031",40.184453,-112.523903,"evergreenForest"
"ONAQ","ONAQ_010",40.201043,-112.497129,"evergreenForest"
"ONAQ","ONAQ_032",40.152364,-112.537959,"evergreenForest"
"ABBY","ABBY_070",45.761334,-122.330793,"evergreenForest"
"ABBY","ABBY_061",45.762451,-122.331158,"evergreenForest"
"ABBY","ABBY_001",45.772619,-122.346369,"evergreenForest"
"ABBY","ABBY_002",45.739055,-122.309112,"grasslandHerbaceous"
"ABBY","ABBY_063",45.760513,-122.330039,"evergreenForest"
"ABBY","ABBY_013",45.745332,-122.372807,"grasslandHerbaceous"
"ABBY","ABBY_011",45.743361,-122.358994,"grasslandHerbaceous"
"ABBY","ABBY_018",45.764526,-122.38678,"grasslandHerbaceous"
"ABBY","ABBY_012",45.754263,-122.384239,"shrubScrub"
"ABBY","ABBY_008",45.771358,-122.355223,"evergreenForest"
"ABBY","ABBY_007",45.768936,-122.361007,"evergreenForest"
"ABBY","ABBY_010",45.776549,-122.375934,"evergreenForest"
"ABBY","ABBY_028",45.745361,-122.375882,"mixedForest"
"ABBY","ABBY_023",45.744589,-122.381659,"mixedForest"
"ABBY","ABBY_026",45.770172,-122.387515,"shrubScrub"
"ABBY","ABBY_017",45.772764,-122.369799,"evergreenForest"
"ABBY","ABBY_006",45.754053,-122.298512,"evergreenForest"
"ABBY","ABBY_016",45.746995,-122.332415,"evergreenForest"
"ABBY","ABBY_022",45.755549,-122.320429,"grasslandHerbaceous"
"ABBY","ABBY_024",45.741379,-122.339833,"grasslandHerbaceous"
"ABBY","ABBY_027",45.777447,-122.297106,"shrubScrub"
"ABBY","ABBY_019",45.752593,-122.325825,"evergreenForest"
"ABBY","ABBY_021",45.743937,-122.317109,"grasslandHerbaceous"
"ABBY","ABBY_025",45.76953,-122.324489,"mixedForest"
"ABBY","ABBY_029",45.764081,-122.313751,"mixedForest"
"ABBY","ABBY_014",45.751186,-122.317373,"evergreenForest"
"ABBY","ABBY_015",45.732279,-122.300349,"shrubScrub"
"ABBY","ABBY_020",45.767791,-122.303342,"evergreenForest"
"ABBY","ABBY_005",45.770977,-122.389412,"shrubScrub"
"ABBY","ABBY_030",45.772435,-122.316394,"mixedForest"
"ABBY","ABBY_004",45.76858,-122.298736,"shrubScrub"
"ABBY","ABBY_003",45.762016,-122.371092,"evergreenForest"
"ABBY","ABBY_009",45.76561,-122.299532,"shrubScrub"
"ABBY","ABBY_077",45.751348,-122.341608,"shrubScrub"
"ABBY","ABBY_041",45.740623,-122.349414,"shrubScrub"
"WREF","WREF_072",45.824274,-121.966341,"evergreenForest"
"WREF","WREF_070",45.824185,-121.955555,"evergreenForest"
"WREF","WREF_071",45.829046,-121.958541,"evergreenForest"
"WREF","WREF_009",45.835945,-122.001901,"evergreenForest"
"WREF","WREF_012",45.840576,-121.863912,"evergreenForest"
"WREF","WREF_010",45.828324,-121.850642,"evergreenForest"
"WREF","WREF_023",45.830415,-121.983896,"evergreenForest"
"WREF","WREF_011",45.834707,-121.983393,"evergreenForest"
"WREF","WREF_017",45.820485,-121.99487,"evergreenForest"
"WREF","WREF_016",45.826426,-121.993608,"evergreenForest"
"WREF","WREF_008",45.823595,-121.973495,"evergreenForest"
"WREF","WREF_027",45.818946,-121.976,"evergreenForest"
"WREF","WREF_001",45.844033,-121.999068,"evergreenForest"
"WREF","WREF_026",45.842751,-122.00835,"evergreenForest"
"WREF","WREF_020",45.830006,-121.859917,"evergreenForest"
"WREF","WREF_004",45.822941,-121.998707,"evergreenForest"
"WREF","WREF_013",45.835857,-122.018935,"evergreenForest"
"WREF","WREF_022",45.8404,-122.017276,"evergreenForest"
"WREF","WREF_015",45.826107,-122.017923,"evergreenForest"
"WREF","WREF_019",45.819757,-121.968998,"evergreenForest"
"WREF","WREF_007",45.850153,-121.989672,"evergreenForest"
"WREF","WREF_014",45.849932,-121.99427,"evergreenForest"
"WREF","WREF_002",45.811294,-121.990796,"evergreenForest"
"WREF","WREF_003",45.831516,-122.018608,"evergreenForest"
"WREF","WREF_028",45.812568,-121.981882,"evergreenForest"
"WREF","WREF_006",45.83118,-121.813904,"evergreenForest"
"WREF","WREF_029",45.846411,-121.829411,"evergreenForest"
"WREF","WREF_024",45.849144,-121.996649,"evergreenForest"
"WREF","WREF_018",45.828445,-122.011717,"evergreenForest"
"WREF","WREF_005",45.844315,-122.002564,"evergreenForest"
"WREF","WREF_030",45.838687,-122.004959,"evergreenForest"
"WREF","WREF_021",45.844382,-121.978569,"evergreenForest"
"WREF","WREF_025",45.829829,-121.869134,"evergreenForest"
"SJER","SJER_045",37.112827,-119.731615,"evergreenForest"
"SJER","SJER_046",37.111276,-119.728168,"evergreenForest"
"SJER","SJER_047",37.101658,-119.734564,"evergreenForest"
"SJER","SJER_014",37.078744,-119.720266,"grasslandHerbaceous"
"SJER","SJER_016",37.077219,-119.716137,"grasslandHerbaceous"
"SJER","SJER_012",37.08368,-119.717046,"grasslandHerbaceous"
"SJER","SJER_015",37.081979,-119.720354,"grasslandHerbaceous"
"SJER","SJER_027",37.082099,-119.738264,"shrubScrub"
"SJER","SJER_002",37.082813,-119.743324,"grasslandHerbaceous"
"SJER","SJER_022",37.080176,-119.716934,"grasslandHerbaceous"
"SJER","SJER_028",37.078298,-119.727329,"shrubScrub"
"SJER","SJER_023",37.086583,-119.719524,"grasslandHerbaceous"
"SJER","SJER_006",37.102924,-119.749115,"grasslandHerbaceous"
"SJER","SJER_029",37.096505,-119.723267,"shrubScrub"
"SJER","SJER_013",37.083154,-119.727837,"evergreenForest"
"SJER","SJER_004",37.108972,-119.746305,"grasslandHerbaceous"
"SJER","SJER_024",37.10723,-119.751328,"grasslandHerbaceous"
"SJER","SJER_021",37.110743,-119.750784,"grasslandHerbaceous"
"SJER","SJER_007",37.113927,-119.753247,"grasslandHerbaceous"
"SJER","SJER_018",37.107805,-119.714546,"evergreenForest"
"SJER","SJER_008",37.107458,-119.717536,"evergreenForest"
"SJER","SJER_026",37.101235,-119.729168,"shrubScrub"
"SJER","SJER_019",37.104397,-119.721851,"grasslandHerbaceous"
"SJER","SJER_001",37.106602,-119.72024,"grasslandHerbaceous"
"SJER","SJER_009",37.117532,-119.738492,"grasslandHerbaceous"
"SJER","SJER_003",37.116632,-119.730379,"evergreenForest"
"SJER","SJER_005",37.1235,-119.748517,"grasslandHerbaceous"
"SJER","SJER_011",37.124269,-119.738431,"evergreenForest"
"SJER","SJER_030",37.123985,-119.750896,"shrubScrub"
"SJER","SJER_017",37.126821,-119.745937,"evergreenForest"
"SJER","SJER_010",37.128635,-119.749395,"evergreenForest"
"SJER","SJER_020",37.127155,-119.753094,"grasslandHerbaceous"
"SJER","SJER_025",37.127266,-119.759842,"shrubScrub"
"SOAP","SOAP_044",37.031452,-119.269313,"evergreenForest"
"SOAP","SOAP_031",37.035342,-119.252227,"evergreenForest"
"SOAP","SOAP_003",37.033983,-119.250835,"evergreenForest"
"SOAP","SOAP_010",37.03519,-119.273802,"shrubScrub"
"SOAP","SOAP_043",37.034451,-119.268722,"evergreenForest"
"SOAP","SOAP_007",37.028597,-119.249997,"evergreenForest"
"SOAP","SOAP_006",37.025056,-119.281566,"evergreenForest"
"SOAP","SOAP_008",37.0292,-119.276287,"evergreenForest"
"SOAP","SOAP_030",37.033674,-119.28051,"shrubScrub"
"SOAP","SOAP_024",37.025014,-119.28258,"evergreenForest"
"SOAP","SOAP_027",37.029446,-119.277325,"shrubScrub"
"SOAP","SOAP_012",37.030515,-119.276685,"evergreenForest"
"SOAP","SOAP_013",37.029599,-119.281718,"evergreenForest"
"SOAP","SOAP_016",37.028524,-119.253018,"evergreenForest"
"SOAP","SOAP_017",37.030901,-119.242317,"evergreenForest"
"SOAP","SOAP_018",37.028985,-119.243605,"evergreenForest"
"SOAP","SOAP_019",37.030844,-119.245692,"evergreenForest"
"SOAP","SOAP_005",37.032124,-119.263245,"evergreenForest"
"SOAP","SOAP_028",37.025181,-119.273166,"shrubScrub"
"SOAP","SOAP_021",37.036227,-119.276172,"evergreenForest"
"SOAP","SOAP_026",37.030375,-119.270272,"shrubScrub"
"SOAP","SOAP_023",37.036213,-119.248184,"evergreenForest"
"SOAP","SOAP_025",37.037639,-119.25836,"shrubScrub"
"SOAP","SOAP_004",37.037426,-119.269483,"evergreenForest"
"SOAP","SOAP_029",37.036654,-119.267104,"shrubScrub"
"SOAP","SOAP_011",37.037301,-119.26273,"evergreenForest"
"SOAP","SOAP_001",37.037898,-119.273529,"evergreenForest"
"SOAP","SOAP_009",37.037935,-119.256677,"shrubScrub"
"SOAP","SOAP_020",37.036585,-119.25697,"evergreenForest"
"SOAP","SOAP_014",37.036558,-119.258326,"evergreenForest"
"SOAP","SOAP_022",37.038279,-119.252655,"evergreenForest"
"SOAP","SOAP_015",37.038264,-119.251658,"evergreenForest"
"SOAP","SOAP_002",37.030703,-119.281763,"evergreenForest"
"SOAP","SOAP_064",37.025308,-119.252602,"evergreenForest"
"SOAP","SOAP_047",37.034404,-119.257597,"evergreenForest"
"TEAK","TEAK_043",36.999698,-119.011037,"evergreenForest"
"TEAK","TEAK_011",37.004153,-119.002986,"evergreenForest"
"TEAK","TEAK_012",37.013801,-119.009599,"evergreenForest"
"TEAK","TEAK_045",36.997917,-119.00382,"evergreenForest"
"TEAK","TEAK_029",37.013711,-119.031203,"shrubScrub"
"TEAK","TEAK_027",37.064904,-118.97621,"shrubScrub"
"TEAK","TEAK_003",37.012962,-119.010619,"evergreenForest"
"TEAK","TEAK_030",37.059672,-118.981148,"shrubScrub"
"TEAK","TEAK_004",37.001687,-119.036304,"evergreenForest"
"TEAK","TEAK_007",36.999797,-119.052104,"evergreenForest"
"TEAK","TEAK_010",37.014434,-119.049096,"evergreenForest"
"TEAK","TEAK_028",37.055339,-118.982025,"shrubScrub"
"TEAK","TEAK_002",36.978454,-119.035693,"evergreenForest"
"TEAK","TEAK_006",36.975638,-119.057146,"evergreenForest"
"TEAK","TEAK_001",36.976667,-119.01647,"evergreenForest"
"TEAK","TEAK_013",36.974821,-119.041671,"evergreenForest"
"TEAK","TEAK_005",37.058229,-118.988578,"evergreenForest"
"TEAK","TEAK_017",36.994069,-119.055283,"evergreenForest"
"TEAK","TEAK_009",37.048205,-119.02067,"shrubScrub"
"TEAK","TEAK_014",37.022379,-119.042558,"evergreenForest"
"TEAK","TEAK_022",37.055139,-118.994548,"evergreenForest"
"TEAK","TEAK_015",36.988308,-119.044357,"evergreenForest"
"TEAK","TEAK_019",36.97377,-119.009213,"evergreenForest"
"TEAK","TEAK_018",36.978607,-119.028942,"evergreenForest"
"TEAK","TEAK_024",36.993067,-119.033679,"shrubScrub"
"TEAK","TEAK_021",36.994336,-119.037085,"evergreenForest"
"TEAK","TEAK_008",36.986255,-119.007524,"evergreenForest"
"TEAK","TEAK_023",37.073274,-118.993332,"evergreenForest"
"TEAK","TEAK_025",36.989997,-119.024514,"shrubScrub"
"TEAK","TEAK_026",37.035322,-119.029774,"shrubScrub"
"TEAK","TEAK_016",37.030316,-119.006407,"evergreenForest"
"TEAK","TEAK_044",37.003221,-119.010045,"evergreenForest"
"TEAK","TEAK_020",37.025679,-119.008624,"evergreenForest"
"TEAK","TEAK_065",37.009295,-119.003127,"shrubScrub"
"BARR","BARR_024",71.306198,-156.639765,"emergentHerbaceousWetlands"
"BARR","BARR_006",71.258067,-156.602012,"sedgeHerbaceous"
"BARR","BARR_052",71.281245,-156.603377,"emergentHerbaceousWetlands"
"BARR","BARR_051",71.285604,-156.607878,"emergentHerbaceousWetlands"
"BARR","BARR_009",71.289227,-156.618318,"sedgeHerbaceous"
"BARR","BARR_002",71.273924,-156.599236,"sedgeHerbaceous"
"BARR","BARR_005",71.242584,-156.311981,"sedgeHerbaceous"
"BARR","BARR_022",71.246709,-156.395116,"sedgeHerbaceous"
"BARR","BARR_053",71.285301,-156.605382,"emergentHerbaceousWetlands"
"BARR","BARR_017",71.244828,-156.434658,"emergentHerbaceousWetlands"
"BARR","BARR_001",71.244105,-156.421392,"sedgeHerbaceous"
"BARR","BARR_029",71.238733,-156.421229,"emergentHerbaceousWetlands"
"BARR","BARR_018",71.30672,-156.616988,"sedgeHerbaceous"
"BARR","BARR_011",71.30303,-156.623332,"emergentHerbaceousWetlands"
"BARR","BARR_027",71.316715,-156.620809,"emergentHerbaceousWetlands"
"BARR","BARR_014",71.298765,-156.648196,"emergentHerbaceousWetlands"
"BARR","BARR_023",71.238564,-156.332618,"sedgeHerbaceous"
"BARR","BARR_020",71.261169,-156.489461,"sedgeHerbaceous"
"BARR","BARR_012",71.253775,-156.380751,"sedgeHerbaceous"
"BARR","BARR_008",71.251783,-156.451332,"sedgeHerbaceous"
"BARR","BARR_007",71.259634,-156.495507,"sedgeHerbaceous"
"BARR","BARR_030",71.247983,-156.430061,"sedgeHerbaceous"
"BARR","BARR_028",71.250115,-156.527704,"sedgeHerbaceous"
"BARR","BARR_015",71.267253,-156.562377,"sedgeHerbaceous"
"BARR","BARR_016",71.246041,-156.50481,"sedgeHerbaceous"
"BARR","BARR_004",71.241422,-156.502856,"sedgeHerbaceous"
"BARR","BARR_025",71.261711,-156.550516,"sedgeHerbaceous"
"BARR","BARR_032",71.257797,-156.539294,"emergentHerbaceousWetlands"
"BARR","BARR_019",71.226667,-156.546572,"sedgeHerbaceous"
"BARR","BARR_026",71.268656,-156.650984,"emergentHerbaceousWetlands"
"BARR","BARR_003",71.258668,-156.648849,"emergentHerbaceousWetlands"
"BARR","BARR_013",71.265929,-156.606092,"sedgeHerbaceous"
"BARR","BARR_021",71.2558,-156.5504,"emergentHerbaceousWetlands"
"TOOL","TOOL_071",68.600005,-149.510162,"dwarfScrub"
"TOOL","TOOL_041",68.666666,-149.369752,"sedgeHerbaceous"
"TOOL","TOOL_042",68.664072,-149.381292,"sedgeHerbaceous"
"TOOL","TOOL_018",68.629991,-149.575526,"dwarfScrub"
"TOOL","TOOL_043",68.665514,-149.375519,"sedgeHerbaceous"
"TOOL","TOOL_006",68.622127,-149.280182,"shrubScrub"
"TOOL","TOOL_019",68.631467,-149.363065,"dwarfScrub"
"TOOL","TOOL_013",68.61519,-149.334812,"dwarfScrub"
"TOOL","TOOL_023",68.615251,-149.330369,"dwarfScrub"
"TOOL","TOOL_002",68.627943,-149.347229,"dwarfScrub"
"TOOL","TOOL_022",68.636964,-149.356275,"dwarfScrub"
"TOOL","TOOL_008",68.561237,-149.510271,"dwarfScrub"
"TOOL","TOOL_024",68.570556,-149.553268,"sedgeHerbaceous"
"TOOL","TOOL_027",68.627732,-149.546459,"shrubScrub"
"TOOL","TOOL_012",68.576305,-149.564239,"dwarfScrub"
"TOOL","TOOL_014",68.621266,-149.545738,"dwarfScrub"
"TOOL","TOOL_005",68.560148,-149.528532,"dwarfScrub"
"TOOL","TOOL_021",68.566922,-149.526352,"sedgeHerbaceous"
"TOOL","TOOL_032",68.565845,-149.507822,"sedgeHerbaceous"
"TOOL","TOOL_028",68.56389,-149.495096,"shrubScrub"
"TOOL","TOOL_009",68.627436,-149.324278,"dwarfScrub"
"TOOL","TOOL_011",68.625975,-149.591302,"sedgeHerbaceous"
"TOOL","TOOL_007",68.64612,-149.356505,"dwarfScrub"
"TOOL","TOOL_017",68.60512,-149.492276,"dwarfScrub"
"TOOL","TOOL_029",68.62102,-149.580419,"shrubScrub"
"TOOL","TOOL_001",68.585776,-149.54318,"dwarfScrub"
"TOOL","TOOL_010",68.594322,-149.548584,"dwarfScrub"
"TOOL","TOOL_003",68.640255,-149.642461,"sedgeHerbaceous"
"TOOL","TOOL_026",68.615186,-149.626212,"shrubScrub"
"TOOL","TOOL_004",68.616768,-149.629355,"dwarfScrub"
"TOOL","TOOL_020",68.635779,-149.652987,"sedgeHerbaceous"
"TOOL","TOOL_016",68.619334,-149.637775,"dwarfScrub"
"TOOL","TOOL_086",68.625116,-149.629582,"shrubScrub"
"BONA","BONA_008",65.156637,-147.569318,"deciduousForest"
"BONA","BONA_005",65.160855,-147.588585,"deciduousForest"
"BONA","BONA_030",65.159874,-147.491285,"woodyWetlands"
"BONA","BONA_029",65.148886,-147.477616,"woodyWetlands"
"BONA","BONA_028",65.176958,-147.45573,"mixedForest"
"BONA","BONA_014",65.17585,-147.463406,"deciduousForest"
"BONA","BONA_022",65.1575,-147.478421,"woodyWetlands"
"BONA","BONA_019",65.1984,-147.481092,"evergreenForest"
"BONA","BONA_003",65.201069,-147.486275,"evergreenForest"
"BONA","BONA_015",65.176793,-147.501859,"deciduousForest"
"BONA","BONA_026",65.192484,-147.477756,"mixedForest"
"BONA","BONA_023",65.16574,-147.511225,"shrubScrub"
"BONA","BONA_007",65.193678,-147.444473,"deciduousForest"
"BONA","BONA_021",65.151634,-147.456573,"shrubScrub"
"BONA","BONA_025",65.156207,-147.463694,"shrubScrub"
"BONA","BONA_020",65.188475,-147.549489,"evergreenForest"
"BONA","BONA_011",65.195526,-147.535493,"evergreenForest"
"BONA","BONA_018",65.193366,-147.537397,"evergreenForest"
"BONA","BONA_002",65.163534,-147.527149,"deciduousForest"
"BONA","BONA_024",65.167011,-147.529831,"shrubScrub"
"BONA","BONA_009",65.169192,-147.520277,"shrubScrub"
"BONA","BONA_012",65.153226,-147.539152,"deciduousForest"
"BONA","BONA_027",65.162994,-147.595649,"mixedForest"
"BONA","BONA_017",65.154951,-147.576912,"deciduousForest"
"BONA","BONA_013",65.17688,-147.559452,"mixedForest"
"BONA","BONA_006",65.176107,-147.544089,"evergreenForest"
"BONA","BONA_016",65.199927,-147.507406,"evergreenForest"
"BONA","BONA_001",65.174447,-147.478155,"deciduousForest"
"BONA","BONA_080",65.153889,-147.512286,"evergreenForest"
"BONA","BONA_010",65.157503,-147.473951,"woodyWetlands"
"BONA","BONA_070",65.153632,-147.509712,"evergreenForest"
"BONA","BONA_004",65.190675,-147.536694,"evergreenForest"
"BONA","BONA_071",65.154979,-147.507196,"evergreenForest"
"DEJU","DEJU_047",63.88224,-145.739248,"evergreenForest"
"DEJU","DEJU_046",63.877756,-145.753497,"evergreenForest"
"DEJU","DEJU_045",63.880889,-145.742977,"shrubScrub"
"DEJU","DEJU_021",63.860681,-145.742041,"evergreenForest"
"DEJU","DEJU_028",63.869323,-145.742874,"woodyWetlands"
"DEJU","DEJU_030",63.866059,-145.739985,"woodyWetlands"
"DEJU","DEJU_015",63.87415,-145.741425,"woodyWetlands"
"DEJU","DEJU_026",63.856988,-145.749533,"woodyWetlands"
"DEJU","DEJU_012",63.92112,-145.787666,"shrubScrub"
"DEJU","DEJU_020",63.845012,-145.733569,"woodyWetlands"
"DEJU","DEJU_013",63.839966,-145.742379,"shrubScrub"
"DEJU","DEJU_014",63.831139,-145.747612,"evergreenForest"
"DEJU","DEJU_018",63.837932,-145.755235,"evergreenForest"
"DEJU","DEJU_006",63.835171,-145.748058,"evergreenForest"
"DEJU","DEJU_009",63.853315,-145.760668,"evergreenForest"
"DEJU","DEJU_010",63.937523,-145.751463,"shrubScrub"
"DEJU","DEJU_023",63.934644,-145.761389,"evergreenForest"
"DEJU","DEJU_003",63.930794,-145.751133,"shrubScrub"
"DEJU","DEJU_016",63.857875,-145.759874,"evergreenForest"
"DEJU","DEJU_007",63.866754,-145.726499,"shrubScrub"
"DEJU","DEJU_017",63.883388,-145.780721,"evergreenForest"
"DEJU","DEJU_004",63.912331,-145.766038,"shrubScrub"
"DEJU","DEJU_005",63.896876,-145.75386,"shrubScrub"
"DEJU","DEJU_019",63.891194,-145.75105,"evergreenForest"
"DEJU","DEJU_001",63.89244,-145.769965,"shrubScrub"
"DEJU","DEJU_025",63.894482,-145.756391,"evergreenForest"
"DEJU","DEJU_027",63.896283,-145.77832,"evergreenForest"
"DEJU","DEJU_024",63.887095,-145.77447,"evergreenForest"
"DEJU","DEJU_022",63.874251,-145.721887,"woodyWetlands"
"DEJU","DEJU_011",63.880982,-145.723425,"shrubScrub"
"DEJU","DEJU_029",63.875181,-145.736494,"woodyWetlands"
"DEJU","DEJU_008",63.897474,-145.761176,"shrubScrub"
"DEJU","DEJU_002",63.879623,-145.720429,"shrubScrub"
"DEJU","DEJU_067",63.915466,-145.755464,"shrubScrub"
"HEAL","HEAL_014",63.886767,-149.27372,"shrubScrub"
"HEAL","HEAL_010",63.877228,-149.263772,"shrubScrub"
"HEAL","HEAL_045",63.875485,-149.21903,"dwarfScrub"
"HEAL","HEAL_016",63.877347,-149.202685,"shrubScrub"
"HEAL","HEAL_021",63.8907,-149.264221,"shrubScrub"
"HEAL","HEAL_023",63.887447,-149.282289,"shrubScrub"
"HEAL","HEAL_029",63.869787,-149.256455,"evergreenForest"
"HEAL","HEAL_046",63.873367,-149.216447,"shrubScrub"
"HEAL","HEAL_011",63.887138,-149.301221,"shrubScrub"
"HEAL","HEAL_024",63.881158,-149.287305,"shrubScrub"
"HEAL","HEAL_047",63.872772,-149.220657,"shrubScrub"
"HEAL","HEAL_008",63.893482,-149.275436,"dwarfScrub"
"HEAL","HEAL_019",63.894643,-149.287199,"shrubScrub"
"HEAL","HEAL_007",63.878349,-149.27729,"dwarfScrub"
"HEAL","HEAL_012",63.869816,-149.272955,"dwarfScrub"
"HEAL","HEAL_004",63.863602,-149.273634,"shrubScrub"
"HEAL","HEAL_006",63.869586,-149.287604,"dwarfScrub"
"HEAL","HEAL_025",63.87307,-149.287886,"evergreenForest"
"HEAL","HEAL_027",63.867913,-149.2557,"evergreenForest"
"HEAL","HEAL_017",63.866486,-149.260444,"shrubScrub"
"HEAL","HEAL_018",63.862656,-149.249124,"shrubScrub"
"HEAL","HEAL_020",63.871707,-149.271288,"shrubScrub"
"HEAL","HEAL_028",63.871278,-149.265115,"evergreenForest"
"HEAL","HEAL_002",63.871136,-149.240036,"dwarfScrub"
"HEAL","HEAL_005",63.897743,-149.225089,"shrubScrub"
"HEAL","HEAL_001",63.88839,-149.20477,"dwarfScrub"
"HEAL","HEAL_022",63.887474,-149.212622,"shrubScrub"
"HEAL","HEAL_009",63.871057,-149.209532,"dwarfScrub"
"HEAL","HEAL_003",63.865625,-149.22988,"dwarfScrub"
"HEAL","HEAL_013",63.864485,-149.198645,"dwarfScrub"
"HEAL","HEAL_077",63.89218,-149.27171,"shrubScrub"
"HEAL","HEAL_026",63.886715,-149.189968,"evergreenForest"
"HEAL","HEAL_015",63.894284,-149.209551,"shrubScrub"
"PUUM","PUUM_006",19.578312,-155.318129,"evergreenForest"
"PUUM","PUUM_020",19.5807,-155.322218,"evergreenForest"
"PUUM","PUUM_008",19.577677,-155.326382,"evergreenForest"
"PUUM","PUUM_017",19.569684,-155.315978,"evergreenForest"
"PUUM","PUUM_010",19.564817,-155.313626,"evergreenForest"
"PUUM","PUUM_011",19.563412,-155.337895,"evergreenForest"
"PUUM","PUUM_013",19.564986,-155.34223,"evergreenForest"
"PUUM","PUUM_014",19.587494,-155.339669,"evergreenForest"
"PUUM","PUUM_002",19.595002,-155.346931,"evergreenForest"
"PUUM","PUUM_012",19.576427,-155.338942,"evergreenForest"
"PUUM","PUUM_003",19.577682,-155.344675,"evergreenForest"
"PUUM","PUUM_001",19.584691,-155.347645,"evergreenForest"
"PUUM","PUUM_009",19.586328,-155.347658,"evergreenForest"
"PUUM","PUUM_018",19.590157,-155.343706,"evergreenForest"
"PUUM","PUUM_005",19.587497,-155.343354,"evergreenForest"
"PUUM","PUUM_015",19.561039,-155.249535,"evergreenForest"
"PUUM","PUUM_019",19.568416,-155.223951,"evergreenForest"
"PUUM","PUUM_016",19.554987,-155.233462,"evergreenForest"
"PUUM","PUUM_004",19.557778,-155.230067,"evergreenForest"
"PUUM","PUUM_007",19.554243,-155.228851,"evergreenForest"
"PUUM","PUUM_031",19.553624,-155.319191,"evergreenForest"
"PUUM","PUUM_032",19.55072,-155.315984,"evergreenForest"
"PUUM","PUUM_034",19.549124,-155.312265,"evergreenForest"
"PUUM","PUUM_042",19.553912,-155.321175,"evergreenForest"
