site,sum_squares,Beta_dispersion,Beta_avg_pairwise,gamma_sum_squares,gamma_dispersion,beta_agg_sum_squares,beta_agg_dispersion,Beta_agg_avg_pairwise
ABBY_1,285.05411539324973,0.022702621487197334,0.1665789884624543,285.05411539324973,0.022702621487197334,2.3094692361670233,0.013349533157034816,0.12554477290037047
ABBY_2,192.80072403007034,0.015355266329250584,0.13422140660427193,192.80072403007034,0.015355266329250584,1.317337289484201,0.007614666413203474,0.09522006306252115
BART,71.41636209292483,0.011478039552061206,0.08940244890207386,71.41636209292483,0.011478039552061206,0.6023822178493506,0.007625091365181654,0.07409681627746766
BLAN,24.270259588525537,0.010868902637046814,0.11441731626056521,24.270259588525537,0.010868902637046814,0.16397371707654843,0.004315097817803906,0.06885678531976909
CLBJ,263.5411048918337,0.017468092058847598,0.1525328150884837,263.5411048918337,0.017468092058847598,1.7651779076111196,0.007354907948379665,0.09864669920874229
CPER,33.79846478389272,0.0013980172395720019,0.045356716110812524,33.79846478389272,0.0013980172395720019,0.2628816560972776,9.322044542456652e-4,0.03743729483169012
DCFS,42.31476265230584,0.012423594436965895,0.0958304800944874,42.31476265230584,0.012423594436965895,0.16643657487830707,0.003396664793434838,0.060490248476299635
DELA,50.302214781867555,0.034126332959204586,0.16721467557487563,50.302214781867555,0.034126332959204586,0.45834923190020915,0.020834055995464052,0.14059070433607698
DSNY_1,520.0238136539615,0.033334859849612916,0.20621971604070566,520.0238136539615,0.033334859849612916,5.368981493008699,0.02725371316248071,0.17829029109466382
DSNY_2,507.10540791953895,0.03250675691791916,0.20101715785894866,507.10540791953895,0.03250675691791916,5.591750859309317,0.028384522128473692,0.18459526857197206
GRSM_1,61.74965999061366,0.00484729256539867,0.08015131212316583,61.74965999061366,0.00484729256539867,1.0636091254038604,0.003924756920309448,0.07202265713451625
GRSM_2,284.23359897048226,0.022312080930252158,0.1281394664142892,284.23359897048226,0.022312080930252158,5.801243506709619,0.021406802607784572,0.1284573130299592
GUAN_1,136.99811956765132,0.015954130612280345,0.13487277279383736,136.99811956765132,0.015954130612280345,1.9281717995263217,0.017370917112849747,0.14356783806409468
GUAN_2,132.49697069798052,0.015433543470935413,0.13193684447992626,132.49697069798052,0.015433543470935413,1.826336184860177,0.016453479142884475,0.1384119922987697
HARV,66.55268343883183,0.004678242896023607,0.043987199994490286,66.55268343883183,0.004678242896023607,0.71208564786273,0.0037087794159517185,0.04996333530787933
JERC_1,96.76222650195378,0.02171504185411889,0.17943023059175242,96.76222650195378,0.02171504185411889,0.5448050789840782,0.009393191016966864,0.11981931811233693
JERC_2,102.52897973517359,0.02300919652943752,0.17376293527843858,102.52897973517359,0.02300919652943752,0.580365953808857,0.01000630954842857,0.11753180794143205
JORN_1,4.6734964894624875,3.0647888317020705e-4,0.021282656906634067,4.6734964894624875,3.0647888317020705e-4,0.03397132304625625,1.9412184597860713e-4,0.01747873543801102
JORN_2,3.2101952355224705,2.1051841009393866e-4,0.017893003527312257,3.2101952355224705,2.1051841009393866e-4,0.023495142622714578,1.342579578440833e-4,0.014666413204529334
KONA_1,52.10482558279807,0.0374585374427017,0.22903464144673652,52.10482558279807,0.0374585374427017,1.1297024182082558,0.02689767662400609,0.1976834077689509
KONA_2,11.40430267445932,0.008198635998892393,0.11329968219494305,11.40430267445932,0.008198635998892393,0.3478783933628946,0.008282818889592728,0.1149725065723579
KONZ,64.11397937126496,0.0050711049095361034,0.0765480653680678,64.11397937126496,0.0050711049095361034,0.31957653183676676,0.0021305102122451116,0.04887714535048961
LAJA,17.48683387617799,0.011377250407402726,0.12360386569811584,17.48683387617799,0.011377250407402726,0.2050225191795512,0.007069742040674179,0.10073254088783659
LENO_1,54.835340276585804,0.01961908417766934,0.12573992055427072,54.835340276585804,0.01961908417766934,1.0896405360229071,0.021365500706331513,0.1360305118019732
LENO_2,7.61968557820999,0.0027261844644758462,0.051885382914642786,7.61968557820999,0.0027261844644758462,0.05276173965411567,0.0010345439147865817,0.03754859396055595
MLBS,35.42068345879788,0.008411466031535949,0.07504511598482255,35.42068345879788,0.008411466031535949,0.2731706169733542,0.003794036346852142,0.05356734948991349
MOAB_1,18.717560713850258,0.0010274776699703714,0.03954540787043842,18.717560713850258,0.0010274776699703714,0.12398661897679297,5.584982836792477e-4,0.029759984876831694
MOAB_2,20.662124135779095,0.001134222107689471,0.04077564925477384,20.662124135779095,0.001134222107689471,0.1496290838726948,6.740048823094361e-4,0.03108177999204501
NIWO_1,73.99007989466624,0.014806900119004651,0.14130545377817377,73.99007989466624,0.014806900119004651,0.5903391686569475,0.009521599494466895,0.11161767233369498
NIWO_2,239.31453195495314,0.04789164137581612,0.26500023569601633,239.31453195495314,0.04789164137581612,2.1731172956297162,0.03505027896176962,0.22867114566682167
OEAS_1,15.396194960484914,0.006842753315771073,0.0900752349160418,15.396194960484914,0.006842753315771073,0.06995969521719099,0.0021199907641573025,0.05391025015247405
OEAS_2,9.058370620094395,0.004025942497819731,0.06938413163901128,9.058370620094395,0.004025942497819731,0.04556904384847944,0.0013808801166205892,0.04290494384824956
ONAQ_1,202.4189521877164,0.008122099036502545,0.09380704592292571,202.4189521877164,0.008122099036502545,2.125517445936013,0.007729154348858229,0.09239769431637475
ONAQ_2,64.7620713488143,0.0025985904561758406,0.056340377460932844,64.7620713488143,0.0025985904561758406,0.6732940576050986,0.002448342027654904,0.055226175453366756
ORNL,858.9524336178516,0.04141525716575948,0.1724147126956178,858.9524336178516,0.04141525716575948,11.32423598759951,0.035836189834175664,0.17708931163767608
RMNP_1,437.5829972097256,0.025122459364434815,0.18427932118542145,437.5829972097256,0.025122459364434815,2.9828518937932356,0.013082683744707174,0.1303603823270161
RMNP_2,470.96854479697396,0.027039186175047306,0.19310831850497792,470.96854479697396,0.027039186175047306,3.2633778454349014,0.014313060725591673,0.13851832074982054
SCBI_1,31.10751813848663,0.007980379204332127,0.07946113411723342,31.10751813848663,0.007980379204332127,0.28216747134036996,0.004408866739693281,0.06951101058905172
SCBI_2,61.35032859211513,0.015738924728608293,0.12036603047723539,61.35032859211513,0.015738924728608293,0.4604361949832278,0.007194315546612934,0.08740700757117481
SERC,116.92687439043961,0.02797293645704297,0.14257582318188078,116.92687439043961,0.02797293645704297,0.9915473027545825,0.01287723769811146,0.12419551864562639
SJER,12.006432602182292,0.001843456564130553,0.05188644241240234,12.006432602182292,0.001843456564130553,0.09296778514690052,0.0011200937969506085,0.04035390884933783
SOAP_1,38.88979773919445,0.018370239839014854,0.15020462700409346,38.88979773919445,0.018370239839014854,0.19140028739445875,0.00736154951517149,0.10241957740486356
SOAP_2,46.95335117592232,0.022179192808654852,0.17373128471258997,46.95335117592232,0.022179192808654852,0.2958396579276891,0.011378448381834197,0.125907442124403
SRER_1,210.98883957900412,0.0029908404504784764,0.066644312211403,210.98883957900412,0.0029908404504784764,1.8068142206976334,0.0023868087459678116,0.05968213037943978
SRER_2,203.72735236752516,0.002893279069042025,0.06317429171225634,203.72735236752516,0.002893279069042025,1.9540105608668372,0.002581255694672176,0.05916475740893222
STER,21.609150561234156,0.01700169202300091,0.1503781842979992,21.609150561234156,0.01700169202300091,0.17766833855957964,0.009350965187346297,0.11430491407413797
TALL_1,71.726908891281,0.004063617295976488,0.06561450971653912,71.726908891281,0.004063617295976488,0.19042979474300747,8.98253748787771e-4,0.03351069161273574
TALL_2,91.97840492042432,0.0052109458342543945,0.06774940334516208,91.97840492042432,0.0052109458342543945,0.2684511783850188,0.0012662791433255603,0.03841094730234224
TEAK_1,430.1873301349323,0.02376069208146547,0.18145247950297655,430.1873301349323,0.02376069208146547,2.46015022066243,0.011285092755332248,0.12420352277542906
TEAK_2,444.60121306369587,0.024556819279961107,0.18386209337383147,444.60121306369587,0.024556819279961107,2.2241566916106326,0.010202553631241434,0.1175362257912416
TREE_1,3.5604353143235774,0.0015684737067504747,0.04245609468948591,3.5604353143235774,0.0015684737067504747,0.016978051361919613,4.353346503056311e-4,0.02588461685767048
TREE_2,4.321446226207709,0.0019037208044967882,0.04634205814904225,4.321446226207709,0.0019037208044967882,0.024933526864237915,6.393212016471261e-4,0.031149143447779786
UKFS_1,18.814283480674742,0.008151769272389402,0.10528380132833107,18.814283480674742,0.008151769272389402,0.13384079224007336,0.004055781583032526,0.07536970394320258
UKFS_2,16.07955875258129,0.006966879875468496,0.09812938396616142,16.07955875258129,0.006966879875468496,0.1062575877479715,0.003219926901453682,0.06714819487646546
UNDE,461.943979631377,0.038114189738562454,0.22836513541027914,461.943979631377,0.038114189738562454,4.444791532415336,0.02905092504846625,0.20305816788648093
WOOD_1,12.418904865426528,0.002755470349551038,0.06196060081020321,12.418904865426528,0.002755470349551038,0.05667310619856311,0.00101201975354577,0.040828393430625505
WOOD_2,63.71298485006123,0.014136451042835863,0.12043000465966179,63.71298485006123,0.014136451042835863,0.2487629429111921,0.00444219540912843,0.07687432255910935
WREF_1,73.28625166475415,0.004282239784080527,0.07048926325281665,73.28625166475415,0.004282239784080527,0.5955384448311919,0.002670575985790098,0.057493254820917314
WREF_2,38.81181426562237,0.002267840029544371,0.054168296174261145,38.81181426562237,0.002267840029544371,0.24369920463460254,0.0010928215454466482,0.039259443086441546
YELL,665.6627626978802,0.022955471504858275,0.16095284441070568,665.6627626978802,0.022955471504858275,5.594368118138445,0.015411482419114173,0.12971467618516014
