"Spectral_Metric","Plant_Metric","Correlation","p_val","Structural_Group","R_squared","Significance"
"sum_squares","FD_FDis_m1_Layered",0.0755455715443397,0.78096101543036,"Closed / Dense Canopy",0.00570713337996095,"ns"
"Beta_dispersion","FD_FDis_m1_Layered",0.0480141214792102,0.85983994266315,"Closed / Dense Canopy",0.00230535586142035,"ns"
"Beta_avg_pairwise","FD_FDis_m1_Layered",0.0617944537956114,0.82015661710162,"Closed / Dense Canopy",0.00381855451989796,"ns"
"beta_agg_sum_squares","FD_FDis_m1_Layered",0.0809767418376225,0.765610115215605,"Closed / Dense Canopy",0.00655723271863696,"ns"
"beta_agg_dispersion","FD_FDis_m1_Layered",0.193540875964867,0.472633960632009,"Closed / Dense Canopy",0.0374580706692479,"ns"
"Beta_agg_avg_pairwise","FD_FDis_m1_Layered",0.105213853243245,0.698167112795563,"Closed / Dense Canopy",0.0110699549142911,"ns"
"sum_squares","FD_RaoQ_m1_Layered",0.106997827271665,0.693279013773937,"Closed / Dense Canopy",0.0114485350408571,"ns"
"Beta_dispersion","FD_RaoQ_m1_Layered",0.00542362961243184,0.984095506279192,"Closed / Dense Canopy",2.94157581728475e-05,"ns"
"Beta_avg_pairwise","FD_RaoQ_m1_Layered",0.0393106277923073,0.885072452180681,"Closed / Dense Canopy",0.00154532545742532,"ns"
"beta_agg_sum_squares","FD_RaoQ_m1_Layered",0.104408859361326,0.700376460101349,"Closed / Dense Canopy",0.0109012099131332,"ns"
"beta_agg_dispersion","FD_RaoQ_m1_Layered",0.141896200278536,0.600133316550843,"Closed / Dense Canopy",0.0201345316534863,"ns"
"Beta_agg_avg_pairwise","FD_RaoQ_m1_Layered",0.0492872734875366,0.856158988448681,"Closed / Dense Canopy",0.00242923532783523,"ns"
"sum_squares","FD_Beta_Dispersion_m1_Layered",0.213789382728516,0.426586661196348,"Closed / Dense Canopy",0.04570590016744,"ns"
"Beta_dispersion","FD_Beta_Dispersion_m1_Layered",-0.0341413473302377,0.900109504590311,"Closed / Dense Canopy",0.00116563159752393,"ns"
"Beta_avg_pairwise","FD_Beta_Dispersion_m1_Layered",-0.0882689262344381,0.745127984472631,"Closed / Dense Canopy",0.00779140333858068,"ns"
"beta_agg_sum_squares","FD_Beta_Dispersion_m1_Layered",0.191961397493603,0.476324691935136,"Closed / Dense Canopy",0.0368491781276971,"ns"
"beta_agg_dispersion","FD_Beta_Dispersion_m1_Layered",0.0120224986581665,0.964752803827509,"Closed / Dense Canopy",0.000144540473985616,"ns"
"Beta_agg_avg_pairwise","FD_Beta_Dispersion_m1_Layered",-0.127959100421094,0.636736296137953,"Closed / Dense Canopy",0.0163735313805756,"ns"
"sum_squares","FD_Beta_Turnover_m1_Layered",0.241990754467259,0.366541918560751,"Closed / Dense Canopy",0.0585595252476332,"ns"
"Beta_dispersion","FD_Beta_Turnover_m1_Layered",-0.0123455390578799,0.963806293545124,"Closed / Dense Canopy",0.000152412334629639,"ns"
"Beta_avg_pairwise","FD_Beta_Turnover_m1_Layered",-0.0801119233303511,0.768049164080521,"Closed / Dense Canopy",0.00641792025968805,"ns"
"beta_agg_sum_squares","FD_Beta_Turnover_m1_Layered",0.227964590466767,0.395795213832286,"Closed / Dense Canopy",0.0519678545066809,"ns"
"beta_agg_dispersion","FD_Beta_Turnover_m1_Layered",0.0421256495579132,0.87689888611553,"Closed / Dense Canopy",0.00177457035067611,"ns"
"Beta_agg_avg_pairwise","FD_Beta_Turnover_m1_Layered",-0.108790257834384,0.68837913773412,"Closed / Dense Canopy",0.0118353201996718,"ns"
"sum_squares","FD_FDis_m2_Layered",0.00923823984713862,0.972912402825365,"Closed / Dense Canopy",8.53450754732598e-05,"ns"
"Beta_dispersion","FD_FDis_m2_Layered",0.0922693840488105,0.733958278836527,"Closed / Dense Canopy",0.00851363923274688,"ns"
"Beta_avg_pairwise","FD_FDis_m2_Layered",0.0237185261833109,0.930520838001215,"Closed / Dense Canopy",0.000562568484308404,"ns"
"beta_agg_sum_squares","FD_FDis_m2_Layered",0.0494121031061717,0.855798227755552,"Closed / Dense Canopy",0.00244155593337494,"ns"
"beta_agg_dispersion","FD_FDis_m2_Layered",0.19993393914756,0.457839562195698,"Closed / Dense Canopy",0.03997358002306,"ns"
"Beta_agg_avg_pairwise","FD_FDis_m2_Layered",0.115832759101589,0.669241209737705,"Closed / Dense Canopy",0.0134172280810867,"ns"
"sum_squares","FD_RaoQ_m2_Layered",0.0718290984140836,0.791509646789954,"Closed / Dense Canopy",0.00515941937898011,"ns"
"Beta_dispersion","FD_RaoQ_m2_Layered",0.0357930439373948,0.895301143951604,"Closed / Dense Canopy",0.00128114199430428,"ns"
"Beta_avg_pairwise","FD_RaoQ_m2_Layered",-0.0201608400617868,0.940924007669035,"Closed / Dense Canopy",0.000406459471996946,"ns"
"beta_agg_sum_squares","FD_RaoQ_m2_Layered",0.10628961324178,0.695218179448428,"Closed / Dense Canopy",0.0112974818830871,"ns"
"beta_agg_dispersion","FD_RaoQ_m2_Layered",0.160880419566204,0.551696926627264,"Closed / Dense Canopy",0.0258825093997979,"ns"
"Beta_agg_avg_pairwise","FD_RaoQ_m2_Layered",0.0491504548488165,0.856554428375366,"Closed / Dense Canopy",0.00241576721184555,"ns"
"sum_squares","FD_Beta_Dispersion_m2_Layered",0.252591311491273,0.345253453926859,"Closed / Dense Canopy",0.0638023706408812,"ns"
"Beta_dispersion","FD_Beta_Dispersion_m2_Layered",0.0734309063493428,0.786958894703036,"Closed / Dense Canopy",0.00539209800728596,"ns"
"Beta_avg_pairwise","FD_Beta_Dispersion_m2_Layered",-0.0122667116790237,0.964037254098209,"Closed / Dense Canopy",0.000150472215416297,"ns"
"beta_agg_sum_squares","FD_Beta_Dispersion_m2_Layered",0.234998534158501,0.380971993317229,"Closed / Dense Canopy",0.0552243110566441,"ns"
"beta_agg_dispersion","FD_Beta_Dispersion_m2_Layered",0.0891685049682577,0.742612027378028,"Closed / Dense Canopy",0.00795102227827419,"ns"
"Beta_agg_avg_pairwise","FD_Beta_Dispersion_m2_Layered",-0.0427692773480316,0.875031686271421,"Closed / Dense Canopy",0.00182921108487285,"ns"
"sum_squares","FD_Beta_Turnover_m2_Layered",0.292639858523971,0.271372024096594,"Closed / Dense Canopy",0.0856380867969296,"ns"
"Beta_dispersion","FD_Beta_Turnover_m2_Layered",0.117938139147103,0.663556097035814,"Closed / Dense Canopy",0.0139094046654813,"ns"
"Beta_avg_pairwise","FD_Beta_Turnover_m2_Layered",0.0175767311812997,0.948486010568831,"Closed / Dense Canopy",0.000308941479019674,"ns"
"beta_agg_sum_squares","FD_Beta_Turnover_m2_Layered",0.283065579438131,0.288081986812036,"Closed / Dense Canopy",0.0801261222626451,"ns"
"beta_agg_dispersion","FD_Beta_Turnover_m2_Layered",0.139630203950423,0.606026689142864,"Closed / Dense Canopy",0.0194965938552366,"ns"
"Beta_agg_avg_pairwise","FD_Beta_Turnover_m2_Layered",0.000223937888830805,0.999343275964149,"Closed / Dense Canopy",5.01481780539981e-08,"ns"
"sum_squares","FD_FDis_m1_Layered",0.14258130161409,0.787577345700862,"Open / Sparse Cover",0.0203294275699682,"ns"
"Beta_dispersion","FD_FDis_m1_Layered",0.53278760930605,0.276437833811644,"Open / Sparse Cover",0.283862636630057,"ns"
"Beta_avg_pairwise","FD_FDis_m1_Layered",0.560540816965863,0.247251420616749,"Open / Sparse Cover",0.314206007484757,"ns"
"beta_agg_sum_squares","FD_FDis_m1_Layered",0.469039229590977,0.348034954666315,"Open / Sparse Cover",0.219997798895297,"ns"
"beta_agg_dispersion","FD_FDis_m1_Layered",0.856914323800898,0.0292455330363057,"Open / Sparse Cover",0.73430215833515,"*"
"Beta_agg_avg_pairwise","FD_FDis_m1_Layered",0.79297942524794,0.0598500835132379,"Open / Sparse Cover",0.628816368866554,"ns"
"sum_squares","FD_RaoQ_m1_Layered",0.303938104845261,0.558131496325,"Open / Sparse Cover",0.0923783715769291,"ns"
"Beta_dispersion","FD_RaoQ_m1_Layered",0.619393878167358,0.18972403445574,"Open / Sparse Cover",0.3836487763112,"ns"
"Beta_avg_pairwise","FD_RaoQ_m1_Layered",0.662089657905592,0.15198322318301,"Open / Sparse Cover",0.438362715105544,"ns"
"beta_agg_sum_squares","FD_RaoQ_m1_Layered",0.609338673787109,0.199113770126404,"Open / Sparse Cover",0.371293619372633,"ns"
"beta_agg_dispersion","FD_RaoQ_m1_Layered",0.842901343715459,0.0350813852488596,"Open / Sparse Cover",0.710482675237327,"*"
"Beta_agg_avg_pairwise","FD_RaoQ_m1_Layered",0.834052067201879,0.03902307807071,"Open / Sparse Cover",0.695642850803728,"*"
"sum_squares","FD_Beta_Dispersion_m1_Layered",-0.116118677644368,0.826604829374541,"Open / Sparse Cover",0.0134835472978766,"ns"
"Beta_dispersion","FD_Beta_Dispersion_m1_Layered",-0.0782043274461482,0.882932654412032,"Open / Sparse Cover",0.00611591683130436,"ns"
"Beta_avg_pairwise","FD_Beta_Dispersion_m1_Layered",-0.0253097777434725,0.962043439914874,"Open / Sparse Cover",0.000640584849423976,"ns"
"beta_agg_sum_squares","FD_Beta_Dispersion_m1_Layered",-0.162065276240298,0.759030420339587,"Open / Sparse Cover",0.0262651537628442,"ns"
"beta_agg_dispersion","FD_Beta_Dispersion_m1_Layered",-0.0724252863059155,0.891552021139694,"Open / Sparse Cover",0.00524542209649384,"ns"
"Beta_agg_avg_pairwise","FD_Beta_Dispersion_m1_Layered",-0.037865944983203,0.943228229185157,"Open / Sparse Cover",0.00143382978947096,"ns"
"sum_squares","FD_Beta_Turnover_m1_Layered",-0.0788384265058281,0.881987370262443,"Open / Sparse Cover",0.00621549749391485,"ns"
"Beta_dispersion","FD_Beta_Turnover_m1_Layered",-0.00825879654200044,0.987612086843842,"Open / Sparse Cover",6.82077203221584e-05,"ns"
"Beta_avg_pairwise","FD_Beta_Turnover_m1_Layered",0.0418244945053777,0.937299839792229,"Open / Sparse Cover",0.00174928834063037,"ns"
"beta_agg_sum_squares","FD_Beta_Turnover_m1_Layered",-0.118539897906717,0.823022997119978,"Open / Sparse Cover",0.0140517073957348,"ns"
"beta_agg_dispersion","FD_Beta_Turnover_m1_Layered",0.00214684297310817,0.996779740487667,"Open / Sparse Cover",4.60893475118392e-06,"ns"
"Beta_agg_avg_pairwise","FD_Beta_Turnover_m1_Layered",0.0338956701115519,0.949175966479199,"Open / Sparse Cover",0.00114891645231115,"ns"
"sum_squares","FD_FDis_m2_Layered",0.0742125934936168,0.888885473024091,"Open / Sparse Cover",0.00550750903304881,"ns"
"Beta_dispersion","FD_FDis_m2_Layered",0.418645950955064,0.408717946021578,"Open / Sparse Cover",0.17526443225107,"ns"
"Beta_avg_pairwise","FD_FDis_m2_Layered",0.46541989949302,0.352278775429425,"Open / Sparse Cover",0.216615682844093,"ns"
"beta_agg_sum_squares","FD_FDis_m2_Layered",0.448792107475678,0.372008425378997,"Open / Sparse Cover",0.20141435573246,"ns"
"beta_agg_dispersion","FD_FDis_m2_Layered",0.778077902688508,0.0684093589261643,"Open / Sparse Cover",0.605405222652147,"ns"
"Beta_agg_avg_pairwise","FD_FDis_m2_Layered",0.721032456372449,0.105879305310278,"Open / Sparse Cover",0.519887803142488,"ns"
"sum_squares","FD_RaoQ_m2_Layered",0.258587946541556,0.620763674178275,"Open / Sparse Cover",0.0668677260965787,"ns"
"Beta_dispersion","FD_RaoQ_m2_Layered",0.53374783771338,0.275407087970649,"Open / Sparse Cover",0.284886754263709,"ns"
"Beta_avg_pairwise","FD_RaoQ_m2_Layered",0.588658654277148,0.219002726007799,"Open / Sparse Cover",0.346519011255382,"ns"
"beta_agg_sum_squares","FD_RaoQ_m2_Layered",0.604640074859212,0.203564955351475,"Open / Sparse Cover",0.365589620125754,"ns"
"beta_agg_dispersion","FD_RaoQ_m2_Layered",0.792324319418204,0.0602153406905658,"Open / Sparse Cover",0.62777782714152,"ns"
"Beta_agg_avg_pairwise","FD_RaoQ_m2_Layered",0.785256182798467,0.064220914957069,"Open / Sparse Cover",0.616627272623219,"ns"
"sum_squares","FD_Beta_Dispersion_m2_Layered",0.0265898713372759,0.960124592796224,"Open / Sparse Cover",0.000707021257732888,"ns"
"Beta_dispersion","FD_Beta_Dispersion_m2_Layered",-0.04126414493459,0.938138913439794,"Open / Sparse Cover",0.00170272965718285,"ns"
"Beta_avg_pairwise","FD_Beta_Dispersion_m2_Layered",0.0443679619135869,0.933491726652061,"Open / Sparse Cover",0.0019685160443655,"ns"
"beta_agg_sum_squares","FD_Beta_Dispersion_m2_Layered",-0.000729461060261322,0.998905808603686,"Open / Sparse Cover",5.32113438437572e-07,"ns"
"beta_agg_dispersion","FD_Beta_Dispersion_m2_Layered",-0.0944737237118236,0.858711016861892,"Open / Sparse Cover",0.00892528447197798,"ns"
"Beta_agg_avg_pairwise","FD_Beta_Dispersion_m2_Layered",0.00133943308623221,0.997990851572177,"Open / Sparse Cover",1.79408099249353e-06,"ns"
"sum_squares","FD_Beta_Turnover_m2_Layered",0.0669715097906844,0.899692925056713,"Open / Sparse Cover",0.00448518312364373,"ns"
"Beta_dispersion","FD_Beta_Turnover_m2_Layered",0.0298551542528102,0.95523057402162,"Open / Sparse Cover",0.000891330235459092,"ns"
"Beta_avg_pairwise","FD_Beta_Turnover_m2_Layered",0.11600222063929,0.826777161863307,"Open / Sparse Cover",0.0134565151932464,"ns"
"beta_agg_sum_squares","FD_Beta_Turnover_m2_Layered",0.0521877495958712,0.921789443871356,"Open / Sparse Cover",0.00272356120788135,"ns"
"beta_agg_dispersion","FD_Beta_Turnover_m2_Layered",-0.0182587435246282,0.972614928278674,"Open / Sparse Cover",0.000333381715098153,"ns"
"Beta_agg_avg_pairwise","FD_Beta_Turnover_m2_Layered",0.0781375030157132,0.88303227854238,"Open / Sparse Cover",0.00610546937753059,"ns"
"sum_squares","FD_FDis_m1_Layered",0.423673144007282,0.721481037589861,"High Stem Density",0.179498932953015,"ns"
"Beta_dispersion","FD_FDis_m1_Layered",-0.604818609578067,0.586491219026407,"High Stem Density",0.365805550491947,"ns"
"Beta_avg_pairwise","FD_FDis_m1_Layered",-0.493837346183341,0.671187635401196,"High Stem Density",0.243875324485405,"ns"
"beta_agg_sum_squares","FD_FDis_m1_Layered",0.227936040115698,0.853604575642747,"High Stem Density",0.051954838383625,"ns"
"beta_agg_dispersion","FD_FDis_m1_Layered",-0.747626566415718,0.462386667817523,"High Stem Density",0.558945482810557,"ns"
"Beta_agg_avg_pairwise","FD_FDis_m1_Layered",-0.661942169243183,0.539464862283556,"High Stem Density",0.438167435422371,"ns"
"sum_squares","FD_RaoQ_m1_Layered",-0.207837337255732,0.866715058714394,"High Stem Density",0.043196358757553,"ns"
"Beta_dispersion","FD_RaoQ_m1_Layered",-0.962588442114101,0.174687315330662,"High Stem Density",0.926576508891652,"ns"
"Beta_avg_pairwise","FD_RaoQ_m1_Layered",-0.918138647472812,0.259383731705451,"High Stem Density",0.842978575983204,"ns"
"beta_agg_sum_squares","FD_RaoQ_m1_Layered",-0.404930358821082,0.734591520661509,"High Stem Density",0.16396859549497,"ns"
"beta_agg_dispersion","FD_RaoQ_m1_Layered",-0.996845094302951,0.050582764121779,"High Stem Density",0.993700142035858,"ns"
"Beta_agg_avg_pairwise","FD_RaoQ_m1_Layered",-0.979961271970041,0.127660958587812,"High Stem Density",0.960324094561141,"ns"
"sum_squares","FD_Beta_Dispersion_m1_Layered",-0.944263372279989,0.213551966879269,"High Stem Density",0.891633316229578,"ns"
"Beta_dispersion","FD_Beta_Dispersion_m1_Layered",-0.730605509742276,0.478475776504462,"High Stem Density",0.533784410865771,"ns"
"Beta_avg_pairwise","FD_Beta_Dispersion_m1_Layered",-0.814721741319222,0.393779360129673,"High Stem Density",0.663771515778226,"ns"
"beta_agg_sum_squares","FD_Beta_Dispersion_m1_Layered",-0.991830985103269,0.0814284288263843,"High Stem Density",0.983728703010921,"ns"
"beta_agg_dispersion","FD_Beta_Dispersion_m1_Layered",-0.584501350315985,0.602580327713346,"High Stem Density",0.34164182852121,"ns"
"Beta_agg_avg_pairwise","FD_Beta_Dispersion_m1_Layered",-0.678221338254146,0.525502133247314,"High Stem Density",0.459984183663245,"ns"
"sum_squares","FD_Beta_Turnover_m1_Layered",-0.97247038716201,0.149725774977362,"High Stem Density",0.945698653907029,"ns"
"Beta_dispersion","FD_Beta_Turnover_m1_Layered",-0.658595203687626,0.54230196840637,"High Stem Density",0.433747642320345,"ns"
"Beta_avg_pairwise","FD_Beta_Turnover_m1_Layered",-0.752593077653394,0.457605552031581,"High Stem Density",0.566396340531808,"ns"
"beta_agg_sum_squares","FD_Beta_Turnover_m1_Layered",-0.999617776121818,0.017602236924478,"High Stem Density",0.99923569833873,"*"
"beta_agg_dispersion","FD_Beta_Turnover_m1_Layered",-0.500353849161236,0.666406519615254,"High Stem Density",0.250353974370465,"ns"
"Beta_agg_avg_pairwise","FD_Beta_Turnover_m1_Layered",-0.601263609792357,0.589328325149221,"High Stem Density",0.361517928460536,"ns"
"sum_squares","FD_FDis_m2_Layered",-0.718516171223128,0.489643241288924,"High Stem Density",0.516265488309144,"ns"
"Beta_dispersion","FD_FDis_m2_Layered",-0.949892403796196,0.202384502094807,"High Stem Density",0.902295578789716,"ns"
"Beta_avg_pairwise","FD_FDis_m2_Layered",-0.982961255923706,0.117688085720018,"High Stem Density",0.966212830647109,"ns"
"beta_agg_sum_squares","FD_FDis_m2_Layered",-0.846409115331542,0.357519703236039,"High Stem Density",0.716408390516323,"ns"
"beta_agg_dispersion","FD_FDis_m2_Layered",-0.871350736618801,0.326489053303691,"High Stem Density",0.759252106206127,"ns"
"Beta_agg_avg_pairwise","FD_FDis_m2_Layered",-0.924233280051972,0.249410858837658,"High Stem Density",0.854207155955628,"ns"
"sum_squares","FD_RaoQ_m2_Layered",-0.706443816762156,0.500596598229322,"High Stem Density",0.499062866241483,"ns"
"Beta_dispersion","FD_RaoQ_m2_Layered",-0.955129586530684,0.19143114515441,"High Stem Density",0.912272527066276,"ns"
"Beta_avg_pairwise","FD_RaoQ_m2_Layered",-0.985978201902458,0.106734728779621,"High Stem Density",0.972153014626804,"ns"
"beta_agg_sum_squares","FD_RaoQ_m2_Layered",-0.83712179349072,0.368473060176436,"High Stem Density",0.70077289713712,"ns"
"beta_agg_dispersion","FD_RaoQ_m2_Layered",-0.879663409415132,0.315535696363293,"High Stem Density",0.773807713863854,"ns"
"Beta_agg_avg_pairwise","FD_RaoQ_m2_Layered",-0.930665703318035,0.238457501897261,"High Stem Density",0.866138651332453,"ns"
"sum_squares","FD_Beta_Dispersion_m2_Layered",-0.938979992902739,0.223544899163942,"High Stem Density",0.881683427071629,"ns"
"Beta_dispersion","FD_Beta_Dispersion_m2_Layered",-0.741232878018946,0.46848284421979,"High Stem Density",0.54942617945625,"ns"
"Beta_avg_pairwise","FD_Beta_Dispersion_m2_Layered",-0.823722857737111,0.383786427845001,"High Stem Density",0.678519346358593,"ns"
"beta_agg_sum_squares","FD_Beta_Dispersion_m2_Layered",-0.989706604652853,0.0914213611110563,"High Stem Density",0.979519163293478,"ns"
"beta_agg_dispersion","FD_Beta_Dispersion_m2_Layered",-0.597165139964761,0.592587395428674,"High Stem Density",0.356606204389133,"ns"
"Beta_agg_avg_pairwise","FD_Beta_Dispersion_m2_Layered",-0.689672271485336,0.515509200962641,"High Stem Density",0.475647842055743,"ns"
"sum_squares","FD_Beta_Turnover_m2_Layered",-0.968021356448199,0.161431889952388,"High Stem Density",0.937065346539811,"ns"
"Beta_dispersion","FD_Beta_Turnover_m2_Layered",-0.672319950461347,0.530595853431344,"High Stem Density",0.452014115788348,"ns"
"Beta_avg_pairwise","FD_Beta_Turnover_m2_Layered",-0.764573354497365,0.445899437056554,"High Stem Density",0.584572414407354,"ns"
"beta_agg_sum_squares","FD_Beta_Turnover_m2_Layered",-0.998940463685067,0.0293083518995027,"High Stem Density",0.997882049987337,"*"
"beta_agg_dispersion","FD_Beta_Turnover_m2_Layered",-0.516189015238812,0.654700404640227,"High Stem Density",0.266451099453215,"ns"
"Beta_agg_avg_pairwise","FD_Beta_Turnover_m2_Layered",-0.61585401920564,0.577622210174194,"High Stem Density",0.379276172971741,"ns"
