"term","estimate","std.error","statistic","p.value","Spectral_Metric","Plant_Metric","Model_R2","Model_Adj_R2","Model_P_Value"
"(Intercept)",866.3502,54.0249,16.036,5.92e-16,"sum_squares","PD_Faith_Layered",0.57,0.511,4.49e-05
"sum_squares",0.3695,0.2224,1.661,0.107,"sum_squares","PD_Faith_Layered",0.57,0.511,4.49e-05
"scaled_tree_cover",197.3824,76.3422,2.585,0.015,"sum_squares","PD_Faith_Layered",0.57,0.511,4.49e-05
"scaled_canopy_height",26.7052,72.711,0.367,0.716,"sum_squares","PD_Faith_Layered",0.57,0.511,4.49e-05
"sum_squares:scaled_tree_cover",0.3539,0.3322,1.065,0.296,"sum_squares","PD_Faith_Layered",0.57,0.511,4.49e-05
"(Intercept)",0.4027,0.0161,24.979,3.67e-21,"sum_squares","PD_Beta_Dispersion_Layered",0.326,0.233,0.0189
"sum_squares",1e-04,1e-04,1.108,0.277,"sum_squares","PD_Beta_Dispersion_Layered",0.326,0.233,0.0189
"scaled_tree_cover",-0.0542,0.0228,-2.378,0.0242,"sum_squares","PD_Beta_Dispersion_Layered",0.326,0.233,0.0189
"scaled_canopy_height",0.013,0.0217,0.598,0.555,"sum_squares","PD_Beta_Dispersion_Layered",0.326,0.233,0.0189
"sum_squares:scaled_tree_cover",0,1e-04,0.309,0.759,"sum_squares","PD_Beta_Dispersion_Layered",0.326,0.233,0.0189
"(Intercept)",0.7339,0.0724,10.134,2.53e-09,"sum_squares","FD_FDis_m1_Layered",0.371,0.245,0.0458
"sum_squares",2e-04,3e-04,0.776,0.447,"sum_squares","FD_FDis_m1_Layered",0.371,0.245,0.0458
"scaled_tree_cover",0.2595,0.111,2.338,0.0299,"sum_squares","FD_FDis_m1_Layered",0.371,0.245,0.0458
"scaled_canopy_height",-0.0716,0.0883,-0.811,0.427,"sum_squares","FD_FDis_m1_Layered",0.371,0.245,0.0458
"sum_squares:scaled_tree_cover",-3e-04,8e-04,-0.351,0.729,"sum_squares","FD_FDis_m1_Layered",0.371,0.245,0.0458
"(Intercept)",921.3802,70.9394,12.988,1.29e-13,"Beta_dispersion","PD_Faith_Layered",0.545,0.482,9.74e-05
"Beta_dispersion",401.1643,3633.0963,0.11,0.913,"Beta_dispersion","PD_Faith_Layered",0.545,0.482,9.74e-05
"scaled_tree_cover",261.0455,94.0938,2.774,0.00958,"Beta_dispersion","PD_Faith_Layered",0.545,0.482,9.74e-05
"scaled_canopy_height",45.6651,79.1579,0.577,0.568,"Beta_dispersion","PD_Faith_Layered",0.545,0.482,9.74e-05
"Beta_dispersion:scaled_tree_cover",-4293.2418,3902.3461,-1.1,0.28,"Beta_dispersion","PD_Faith_Layered",0.545,0.482,9.74e-05
"(Intercept)",0.3773,0.0192,19.662,2.6e-18,"Beta_dispersion","PD_Beta_Dispersion_Layered",0.414,0.333,0.00302
"Beta_dispersion",2.3661,0.9827,2.408,0.0226,"Beta_dispersion","PD_Beta_Dispersion_Layered",0.414,0.333,0.00302
"scaled_tree_cover",-0.0471,0.0255,-1.849,0.0747,"Beta_dispersion","PD_Beta_Dispersion_Layered",0.414,0.333,0.00302
"scaled_canopy_height",-8e-04,0.0214,-0.037,0.971,"Beta_dispersion","PD_Beta_Dispersion_Layered",0.414,0.333,0.00302
"Beta_dispersion:scaled_tree_cover",0.088,1.0555,0.083,0.934,"Beta_dispersion","PD_Beta_Dispersion_Layered",0.414,0.333,0.00302
"(Intercept)",0.7636,0.0826,9.246,1.16e-08,"Beta_dispersion","FD_FDis_m1_Layered",0.369,0.243,0.047
"Beta_dispersion",1.4284,4.3653,0.327,0.747,"Beta_dispersion","FD_FDis_m1_Layered",0.369,0.243,0.047
"scaled_tree_cover",0.2713,0.1136,2.389,0.0269,"Beta_dispersion","FD_FDis_m1_Layered",0.369,0.243,0.047
"scaled_canopy_height",-0.0682,0.0938,-0.727,0.475,"Beta_dispersion","FD_FDis_m1_Layered",0.369,0.243,0.047
"Beta_dispersion:scaled_tree_cover",-3.9038,5.2237,-0.747,0.464,"Beta_dispersion","FD_FDis_m1_Layered",0.369,0.243,0.047
"(Intercept)",933.6044,100.1581,9.321,3.17e-10,"Beta_avg_pairwise","PD_Faith_Layered",0.547,0.484,9.33e-05
"Beta_avg_pairwise",-90.8873,768.1128,-0.118,0.907,"Beta_avg_pairwise","PD_Faith_Layered",0.547,0.484,9.33e-05
"scaled_tree_cover",299.4489,115.8735,2.584,0.0151,"Beta_avg_pairwise","PD_Faith_Layered",0.547,0.484,9.33e-05
"scaled_canopy_height",47.3703,77.31,0.613,0.545,"Beta_avg_pairwise","PD_Faith_Layered",0.547,0.484,9.33e-05
"Beta_avg_pairwise:scaled_tree_cover",-954.1365,837.6143,-1.139,0.264,"Beta_avg_pairwise","PD_Faith_Layered",0.547,0.484,9.33e-05
"(Intercept)",0.353,0.0269,13.124,9.99e-14,"Beta_avg_pairwise","PD_Beta_Dispersion_Layered",0.424,0.345,0.00239
"Beta_avg_pairwise",0.5201,0.2063,2.522,0.0174,"Beta_avg_pairwise","PD_Beta_Dispersion_Layered",0.424,0.345,0.00239
"scaled_tree_cover",-0.0521,0.0311,-1.674,0.105,"Beta_avg_pairwise","PD_Beta_Dispersion_Layered",0.424,0.345,0.00239
"scaled_canopy_height",0.0016,0.0208,0.075,0.94,"Beta_avg_pairwise","PD_Beta_Dispersion_Layered",0.424,0.345,0.00239
"Beta_avg_pairwise:scaled_tree_cover",0.0713,0.2249,0.317,0.754,"Beta_avg_pairwise","PD_Beta_Dispersion_Layered",0.424,0.345,0.00239
"(Intercept)",0.7626,0.1115,6.841,1.2e-06,"Beta_avg_pairwise","FD_FDis_m1_Layered",0.371,0.245,0.0456
"Beta_avg_pairwise",0.2071,0.867,0.239,0.814,"Beta_avg_pairwise","FD_FDis_m1_Layered",0.371,0.245,0.0456
"scaled_tree_cover",0.3079,0.1446,2.129,0.0459,"Beta_avg_pairwise","FD_FDis_m1_Layered",0.371,0.245,0.0456
"scaled_canopy_height",-0.0687,0.0907,-0.758,0.457,"Beta_avg_pairwise","FD_FDis_m1_Layered",0.371,0.245,0.0456
"Beta_avg_pairwise:scaled_tree_cover",-0.9112,1.1614,-0.785,0.442,"Beta_avg_pairwise","FD_FDis_m1_Layered",0.371,0.245,0.0456
"(Intercept)",857.6543,48.1944,17.796,3.79e-17,"beta_agg_sum_squares","PD_Faith_Layered",0.604,0.55,1.41e-05
"beta_agg_sum_squares",40.3011,17.2555,2.336,0.0266,"beta_agg_sum_squares","PD_Faith_Layered",0.604,0.55,1.41e-05
"scaled_tree_cover",211.8988,72.1878,2.935,0.00646,"beta_agg_sum_squares","PD_Faith_Layered",0.604,0.55,1.41e-05
"scaled_canopy_height",17.1755,69.4088,0.247,0.806,"beta_agg_sum_squares","PD_Faith_Layered",0.604,0.55,1.41e-05
"beta_agg_sum_squares:scaled_tree_cover",25.6677,28.023,0.916,0.367,"beta_agg_sum_squares","PD_Faith_Layered",0.604,0.55,1.41e-05
"(Intercept)",0.406,0.0151,26.931,4.53e-22,"beta_agg_sum_squares","PD_Beta_Dispersion_Layered",0.318,0.224,0.0217
"beta_agg_sum_squares",0.0051,0.0054,0.949,0.35,"beta_agg_sum_squares","PD_Beta_Dispersion_Layered",0.318,0.224,0.0217
"scaled_tree_cover",-0.0535,0.0226,-2.37,0.0247,"beta_agg_sum_squares","PD_Beta_Dispersion_Layered",0.318,0.224,0.0217
"scaled_canopy_height",0.0145,0.0217,0.666,0.511,"beta_agg_sum_squares","PD_Beta_Dispersion_Layered",0.318,0.224,0.0217
"beta_agg_sum_squares:scaled_tree_cover",0,0.0088,0.004,0.997,"beta_agg_sum_squares","PD_Beta_Dispersion_Layered",0.318,0.224,0.0217
"(Intercept)",0.717,0.0652,11.003,6.2e-10,"beta_agg_sum_squares","FD_FDis_m1_Layered",0.409,0.29,0.0266
"beta_agg_sum_squares",0.0347,0.0249,1.395,0.178,"beta_agg_sum_squares","FD_FDis_m1_Layered",0.409,0.29,0.0266
"scaled_tree_cover",0.2887,0.1035,2.788,0.0114,"beta_agg_sum_squares","FD_FDis_m1_Layered",0.409,0.29,0.0266
"scaled_canopy_height",-0.084,0.0835,-1.006,0.327,"beta_agg_sum_squares","FD_FDis_m1_Layered",0.409,0.29,0.0266
"beta_agg_sum_squares:scaled_tree_cover",-0.0539,0.0702,-0.768,0.452,"beta_agg_sum_squares","FD_FDis_m1_Layered",0.409,0.29,0.0266
"(Intercept)",891.6162,61.4072,14.52,7.75e-15,"beta_agg_dispersion","PD_Faith_Layered",0.56,0.499,6.22e-05
"beta_agg_dispersion",3605.646,4356.2249,0.828,0.415,"beta_agg_dispersion","PD_Faith_Layered",0.56,0.499,6.22e-05
"scaled_tree_cover",269.5147,87.956,3.064,0.00468,"beta_agg_dispersion","PD_Faith_Layered",0.56,0.499,6.22e-05
"scaled_canopy_height",27.3197,75.5916,0.361,0.72,"beta_agg_dispersion","PD_Faith_Layered",0.56,0.499,6.22e-05
"beta_agg_dispersion:scaled_tree_cover",-5856.2501,4713.9864,-1.242,0.224,"beta_agg_dispersion","PD_Faith_Layered",0.56,0.499,6.22e-05
"(Intercept)",0.3928,0.0177,22.224,9.25e-20,"beta_agg_dispersion","PD_Beta_Dispersion_Layered",0.357,0.269,0.0101
"beta_agg_dispersion",2.0742,1.254,1.654,0.109,"beta_agg_dispersion","PD_Beta_Dispersion_Layered",0.357,0.269,0.0101
"scaled_tree_cover",-0.0531,0.0253,-2.098,0.0447,"beta_agg_dispersion","PD_Beta_Dispersion_Layered",0.357,0.269,0.0101
"scaled_canopy_height",0.008,0.0218,0.369,0.715,"beta_agg_dispersion","PD_Beta_Dispersion_Layered",0.357,0.269,0.0101
"beta_agg_dispersion:scaled_tree_cover",0.1176,1.357,0.087,0.932,"beta_agg_dispersion","PD_Beta_Dispersion_Layered",0.357,0.269,0.0101
"(Intercept)",0.7238,0.0736,9.836,4.18e-09,"beta_agg_dispersion","FD_FDis_m1_Layered",0.392,0.27,0.0341
"beta_agg_dispersion",5.7141,5.3365,1.071,0.297,"beta_agg_dispersion","FD_FDis_m1_Layered",0.392,0.27,0.0341
"scaled_tree_cover",0.28,0.1077,2.599,0.0172,"beta_agg_dispersion","FD_FDis_m1_Layered",0.392,0.27,0.0341
"scaled_canopy_height",-0.0889,0.0886,-1.003,0.328,"beta_agg_dispersion","FD_FDis_m1_Layered",0.392,0.27,0.0341
"beta_agg_dispersion:scaled_tree_cover",-4.9534,6.3768,-0.777,0.446,"beta_agg_dispersion","FD_FDis_m1_Layered",0.392,0.27,0.0341
"(Intercept)",886.4322,89.2537,9.932,7.71e-11,"Beta_agg_avg_pairwise","PD_Faith_Layered",0.562,0.501,5.86e-05
"Beta_agg_avg_pairwise",414.8457,822.4318,0.504,0.618,"Beta_agg_avg_pairwise","PD_Faith_Layered",0.562,0.501,5.86e-05
"scaled_tree_cover",317.5902,108.2445,2.934,0.00648,"Beta_agg_avg_pairwise","PD_Faith_Layered",0.562,0.501,5.86e-05
"scaled_canopy_height",30.971,75.1921,0.412,0.683,"Beta_agg_avg_pairwise","PD_Faith_Layered",0.562,0.501,5.86e-05
"Beta_agg_avg_pairwise:scaled_tree_cover",-1216.1605,877.9321,-1.385,0.177,"Beta_agg_avg_pairwise","PD_Faith_Layered",0.562,0.501,5.86e-05
"(Intercept)",0.3689,0.0252,14.652,6.14e-15,"Beta_agg_avg_pairwise","PD_Beta_Dispersion_Layered",0.385,0.301,0.00566
"Beta_agg_avg_pairwise",0.4745,0.232,2.045,0.05,"Beta_agg_avg_pairwise","PD_Beta_Dispersion_Layered",0.385,0.301,0.00566
"scaled_tree_cover",-0.0519,0.0305,-1.698,0.1,"Beta_agg_avg_pairwise","PD_Beta_Dispersion_Layered",0.385,0.301,0.00566
"scaled_canopy_height",0.0059,0.0212,0.28,0.781,"Beta_agg_avg_pairwise","PD_Beta_Dispersion_Layered",0.385,0.301,0.00566
"Beta_agg_avg_pairwise:scaled_tree_cover",0.0279,0.2477,0.112,0.911,"Beta_agg_avg_pairwise","PD_Beta_Dispersion_Layered",0.385,0.301,0.00566
"(Intercept)",0.7182,0.103,6.972,9.1e-07,"Beta_agg_avg_pairwise","FD_FDis_m1_Layered",0.39,0.268,0.0349
"Beta_agg_avg_pairwise",0.7223,0.9614,0.751,0.461,"Beta_agg_avg_pairwise","FD_FDis_m1_Layered",0.39,0.268,0.0349
"scaled_tree_cover",0.3232,0.1324,2.44,0.0241,"Beta_agg_avg_pairwise","FD_FDis_m1_Layered",0.39,0.268,0.0349
"scaled_canopy_height",-0.0822,0.0874,-0.94,0.358,"Beta_agg_avg_pairwise","FD_FDis_m1_Layered",0.39,0.268,0.0349
"Beta_agg_avg_pairwise:scaled_tree_cover",-1.1363,1.1606,-0.979,0.339,"Beta_agg_avg_pairwise","FD_FDis_m1_Layered",0.39,0.268,0.0349
